"","Part_ID","Survey_Duration.sec.","StartDate","Semester","Demo.Age","Coded.Race..0...White..1...Non.white.","Race","Coded.Sex..0...male..1...female.","Sex","Sound_Weedeater","Sound_CantTell","Sound_Phone","Sound_LeafBlower","PhoneSound_Similar","Phone_location_1","Phone_location_2","Phone_location_3","Phone_location_4","Phone_location_5","Phone_Body_Percent","NotifyMostTime","Notify_Texts","Number_Texts","SAPS_Ave","SAPS_Med_Split","SAPS_MedSplit_Coded","MAAS_Ave","MAAS_Med_Split","MAAS_MedSplit_Coded","P3_ComSq_Pz","P3_ComPh_Pz","P3_RareSq_Pz","P3_RarePh_Pz","P3_ComSq_Fz","P3_ComPh_Fz","P3_RareSq_Fz","P3_RarePh_Fz","P3_ComSq_Cz","P3_ComPh_Cz","P3_RareSq_Cz","P3_RarePh_Cz","P2_ComSq_Pz","P2_ComPh_Pz","P2_RareSq_Pz","P2_RarePh_Pz","P2_ComSq_Fz","P2_ComPh_Fz","P2_RareSq_Fz","P2_RarePh_Fz","P2_ComSq_Cz","P2_ComPh_Cz","P2_RareSq_Cz","P2_RarePh_Cz","N2_ComSq_Pz","N2_ComPh_Pz","N2_RareSq_Pz","N2_RarePh_Pz","N2_ComSq_Fz","N2_ComPh_Fz","N2_RareSq_Fz","N2_RarePh_Fz","N2_ComSq_Cz","N2_ComPh_Cz","N2_RareSq_Cz","N2_RarePh_Cz","N2_ComSq_FzCz","N2_ComPh_FzCz","N2_RareSq_FzCz","N2_RarePh_FzCz","N2_ComSq_F3","N2_ComPh_F3","N2_RareSq_F3","N2_RarePh_F3","phoddball_N2_Cz","phoddball_N2_Fz","phoddball_N2_Pz","sqoddball_N2_Cz","sqoddball_N2_Fz","sqoddball_N2_Pz","phoddball_P2_Cz","phoddball_P2_Fz","phoddball_P2_Pz","sqoddball_P2_Cz","sqoddball_P2_Fz","sqoddball_P2_Pz","phoddball_P3_Cz","phoddball_P3_Fz","phoddball_P3_Pz","sqoddball_P3_Cz","sqoddball_P3_Fz","sqoddball_P3_Pz","phoddball_N2_FzCz","sqoddball_N2_FzCz","phoddball_N2_F3","sqoddball_N2_F3","ComAve_PhSq_N2_Cz","ComAve_PhSq_N2_Fz","ComAve_PhSq_N2_F3","ComAve_PhSq_N2_Pz","ComAve_PhSq_N2_FzCz","RareAve_PhSq_N2_Cz","RareAve_PhSq_N2_Fz","RareAve_PhSq_N2_F3","RareAve_PhSq_N2_Pz","RareAve_PhSq_N2_FzCz","Total_Oddball_PhSq_N2_Cz","Total_Oddball_PhSq_N2_Fz","Total_Oddball_PhSq_N2_Pz","Total_Oddball_PhSq_N2_FzCz","ComAve_PhSq_P2_Cz","ComAve_PhSq_P2_Fz","ComAve_PhSq_P2_Pz","RareAve_PhSq_P2_Cz","RareAve_PhSq_P2_Fz","RareAve_PhSq_P2_Pz","Total_Oddball_PhSq_P2_Cz","Total_Oddball_PhSq_P2_Fz","Total_Oddball_PhSq_P2_Pz","ComAve_PhSq_P3_Cz","ComAve_PhSq_P3_Fz","ComAve_PhSq_P3_Pz","RareAve_PhSq_P3_Cz","RareAve_PhSq_P3_Fz","RareAve_PhSq_P3_Pz","Total_Oddball_PhSq_P3_Cz","Total_Oddball_PhSq_P3_Fz","Total_Oddball_PhSq_P3_Pz","ComRareAve_Ph_P3_Cz","ComRareAve_Ph_P3_Fz","ComRareAve_Ph_P3_Pz","ComRareAve_Ph_N2_Cz","ComRareAve_Ph_N2_Fz","ComRareAve_Ph_N2_F3","ComRareAve_Ph_N2_Pz","ComRareAve_Ph_N2_FzCz","ComRareAve_Ph_P2_Cz","ComRareAve_Ph_P2_Fz","ComRareAve_Ph_P2_Pz","ComRareAve_Sq_P3_Cz","ComRareAve_Sq_P3_Fz","ComRareAve_Sq_P3_Pz","ComRareAve_Sq_N2_Cz","ComRareAve_Sq_N2_Fz","ComRareAve_Sq_N2_F3","ComRareAve_Sq_N2_Pz","ComRareAve_Sq_N2_FzCz","ComRareAve_Sq_P2_Cz","ComRareAve_Sq_P2_Fz","ComRareAve_Sq_P2_Pz","N2_Cz_PhConAve","N2_Fz_PhConAve","N2_F3_PhConAve","N2_Pz_PhConAve","N2_FzCz_PhConAve","P2_Cz_PhConAve","P2_Fz_PhConAve","P2_Pz_PhConAve","P3_Cz_PhConAve","P3_Fz_PhConAve","P3_Pz_PhConAve"
"1","TECH4000",825,"10/21/18 16:18","Fall2018",18,0,"White",0,"Male","Weedeater","Cant Tell","Phone","Cant Tell","Nearly the same","Pocket","Hand","Surface","Backpack","Else",95,"Vibration","Vibration",43,2.266666667,"High",1,3.533333333,"High",0,NA,NA,NA,NA,NA,NA,NA,NA,NA,NA,NA,NA,NA,NA,NA,NA,NA,NA,NA,NA,NA,NA,NA,NA,NA,NA,NA,NA,NA,NA,NA,NA,NA,NA,NA,NA,NA,NA,NA,NA,NA,NA,NA,NA,NA,NA,NA,NA,NA,NA,NA,NA,NA,NA,NA,NA,NA,NA,NA,NA,NA,NA,NA,NA,NA,NA,NA,NA,NA,NA,NA,NA,NA,NA,NA,NA,NA,NA,NA,NA,NA,NA,NA,NA,NA,NA,NA,NA,NA,NA,NA,NA,NA,NA,NA,NA,NA,NA,NA,NA,NA,NA,NA,NA,NA,NA,NA,NA,NA,NA,NA,NA,NA,NA,NA,NA,NA,NA,NA,NA,NA,NA,NA,NA,NA,NA,NA,NA,NA,NA,NA
"2","TECH4001",1332,"10/22/18 9:02","Fall2018",19,0,"White",0,"Male","Weedeater","Phone","Phone","Leafblower","Somwehwat similar","Hand","Surface","Pocket","Backpack","Else",50,"Vibration","Vibration",2,1.8,"Low",0,3.533333333,"High",0,NA,NA,NA,NA,NA,NA,NA,NA,NA,NA,NA,NA,NA,NA,NA,NA,NA,NA,NA,NA,NA,NA,NA,NA,NA,NA,NA,NA,NA,NA,NA,NA,NA,NA,NA,NA,NA,NA,NA,NA,NA,NA,NA,NA,NA,NA,NA,NA,NA,NA,NA,NA,NA,NA,NA,NA,NA,NA,NA,NA,NA,NA,NA,NA,NA,NA,NA,NA,NA,NA,NA,NA,NA,NA,NA,NA,NA,NA,NA,NA,NA,NA,NA,NA,NA,NA,NA,NA,NA,NA,NA,NA,NA,NA,NA,NA,NA,NA,NA,NA,NA,NA,NA,NA,NA,NA,NA,NA,NA,NA,NA,NA,NA,NA,NA,NA,NA,NA,NA,NA,NA,NA,NA,NA,NA,NA,NA,NA,NA,NA,NA
"3","TECH4002",1183,"10/23/18 13:50","Fall2018",18,0,"White",0,"Male","Cant Tell","Cant Tell","Phone","Cant Tell","Somwehwat similar","Pocket","Hand","Surface","Backpack","Else",95,"Vibration","Vibration",100,2.2,"High",1,3.8,"High",1,9.483,10.941,9.381,8.241,3.889,4.176,-0.289,2.622,10.421,11.479,8.342,12.365,5.769,6.599,7.384,6.091,8.188,7.618,6.915,11.33,8.759,9.293,9.404,11.77,6.896,7.579,8.296,7.855,1.728,0.652,-1.067,1.242,6.813,6.506,3.86,6.343,4.2705,3.579,1.3965,3.7925,2.744,1.356,0.282,2.835,-0.163,0.59,0.276000000000001,-2.953,-2.795,1.4,2.477,3.712,-0.508,0.645,-1.273,1.615,0.886000000000001,-1.554,-2.7,-2.079,-4.178,-0.102,0.2135,-2.874,1.479,-2.462,6.6595,1.19,2.05,7.2375,3.92475,5.1015,0.0875,1.5585,8.0755,2.5945,-1.558,-1.1025,0.838,-1.33025,9.026,7.903,6.184,10.587,9.1225,6.7375,1.561,1.2195,0.553500000000001,10.95,4.0325,10.212,10.3535,1.1665,8.811,-0.596499999999999,-2.866,-1.401,11.922,3.399,9.591,6.4245,0.947,2.0955,7.717,3.68575,10.5315,9.474,6.345,9.3815,1.8,9.432,5.3365,0.3305,1.513,7.596,2.8335,9.0815,7.5515,6.5765,5.8805,0.63875,1.80425,7.6565,3.259625,9.8065,8.51275,6.46075,10.65175,2.5995,9.5115
"4","TECH4003",546,"10/24/18 11:55","Fall2018",19,0,"White",1,"Female","Cant Tell","Phone","Phone","Cant Tell","Not at all","Pocket","Hand","Surface","Backpack","Else",63,"Silent","Silent",150,2.4,"High",1,3.333333333,"Low",0,NA,NA,NA,NA,NA,NA,NA,NA,NA,NA,NA,NA,NA,NA,NA,NA,NA,NA,NA,NA,NA,NA,NA,NA,NA,NA,NA,NA,NA,NA,NA,NA,NA,NA,NA,NA,NA,NA,NA,NA,NA,NA,NA,NA,NA,NA,NA,NA,NA,NA,NA,NA,NA,NA,NA,NA,NA,NA,NA,NA,NA,NA,NA,NA,NA,NA,NA,NA,NA,NA,NA,NA,NA,NA,NA,NA,NA,NA,NA,NA,NA,NA,NA,NA,NA,NA,NA,NA,NA,NA,NA,NA,NA,NA,NA,NA,NA,NA,NA,NA,NA,NA,NA,NA,NA,NA,NA,NA,NA,NA,NA,NA,NA,NA,NA,NA,NA,NA,NA,NA,NA,NA,NA,NA,NA,NA,NA,NA,NA,NA,NA
"5","TECH4005",1037,"10/28/18 13:00","Fall2018",19,0,"White",0,"Male","Weedeater","Phone","Phone","Leafblower","Somwehwat similar","Hand","Surface","Pocket","Backpack","Else",41,"Vibration","Vibration",15,1.733333333,"Low",0,3.8,"High",1,14.159,13.815,23.524,21.301,2.691,5,11.361,10.505,9.1,10.503,20.678,17.381,5.129,4.407,8.163,6.156,11.307,11.428,15.135,16.366,10.131,9.797,15.664,15.174,2.511,0.473,8.159,4.602,5.276,6.611,9.313,8.502,7.585,8.118,12.386,11.11,6.4305,7.3645,10.8495,9.806,3.498,3.626,7.86,6.077,2.992,1.891,4.129,4.801,4.037,5.648,5.377,4.938,1.749,5.533,3.828,3.034,6.878,5.505,7.486,11.578,8.67,9.365,2.4415,4.419,2.451,4.362,7.8515,5.9435,3.562,1.492,6.8975,11.748,8.9075,6.9685,6.3805,10.32775,3.8965,2.964,4.8885,3.43025,9.964,11.3675,4.768,15.419,15.7505,7.1595,5.455,4.383,2.3915,9.8015,3.8455,13.987,19.0295,10.933,22.4125,9.228,7.0875,8.4255,13.942,7.7525,17.558,9.614,7.5565,4.8515,2.5375,8.58525,12.4855,13.897,5.2815,14.889,7.026,18.8415,9.9855,7.2945,5.679,5.335,8.64,12.8975,13.221,6.646,9.79975,7.4255,5.26525,3.93625,8.612625,12.6915,13.559,5.96375,14.4155,7.38925,18.19975
"6","TECH4006",81724,"10/28/18 13:25","Fall2018",18,1,"Non-White",1,"Female","Cant Tell","Phone","Phone","Leafblower","Nearly the same","Pocket","Hand","Surface","Backpack","Else",53,"Vibration","Vibration",50,2.333333333,"High",1,3.6,"High",1,10.954,11.266,12.376,14.685,7.438,7.903,10.879,12.18,12.277,12.069,16.343,16.663,3.785,3.665,2.482,3.287,4.988,3.892,6.456,6.315,5.379,3.542,6.152,7.095,3.798,3.479,3.576,3.972,0.052,0.472,1.637,2.2,0.921,1.054,2.219,2.045,0.4865,0.763,1.928,2.1225,0.103,1.141,2.435,2.601,0.991,1.728,0.493,1.298,1.585,-0.222,3.553,2.423,-0.378,0.773000000000001,1.468,-1.303,4.594,4.277,3.419,4.066,3.441,1.422,1.3595,1.4415,1.46,2.332,0.9875,0.262,0.622,3.6385,0.62475,2.132,1.9185,2.518,3.774,2.02525,1.1445,1.6565,0.1355,1.4005,4.4605,4.44,3.725,6.6235,6.3855,2.8845,2.163,1.9455,-0.8405,12.173,7.6705,11.11,16.503,11.5295,13.5305,4.33,3.859,2.4205,14.366,10.0415,12.9755,1.5495,1.336,1.871,3.7255,1.44275,5.3185,5.1035,3.476,14.31,9.1585,11.665,1.57,0.8445,1.269,3.687,1.20725,5.7655,5.722,3.1335,1.55975,1.09025,1.57,3.70625,1.325,5.542,5.41275,3.30475,14.338,9.6,12.32025
"7","TECH4007",8290,"10/30/18 11:33","Fall2018",19,0,"White",1,"Female","Cant Tell","Phone","Phone","Cant Tell","Somwehwat similar","Surface","Pocket","Backpack","Hand","Else",29,"Silent","Silent",10,1.6,"Low",0,3.933333333,"High",1,18.221,18.234,11.321,16.288,14.721,14.326,12.08,8.826,20.63,20.385,16.41,15.713,5.595,5.8,3.238,4.773,11.24,10.12,9.794,7.036,12.692,11.71,11.306,7.081,9.975,10.103,5.577,6.825,13.242,13.017,10.511,8.792,16.544,17.004,14.582,12.61,14.893,15.0105,12.5465,10.701,12.85,13.14,11.311,9.057,-4.394,-4.225,-3.278,-1.962,-2.731,-4.398,-4.629,-3.084,-1.027,-1.386,-1.446,-2.357,-4.672,-5.5,-1.946,-4.22,-2.641,-6.9,-4.3095,-2.3465,-4.083,-1.539,16.774,13.1295,12.995,10.039,14.95175,13.596,9.6515,10.184,6.201,11.62375,-3.178,-3.478,-3.838,-3.328,12.201,10.68,5.6975,9.1935,8.415,4.0055,-3.0075,-2.265,-1.692,20.5075,14.5235,18.2275,16.0615,10.453,13.8045,-4.446,-4.0705,-4.423,18.049,11.576,17.261,14.807,10.9045,11.0985,8.464,12.85575,9.3955,8.578,5.2865,18.52,13.4005,14.771,15.563,11.8765,12.0805,7.776,13.71975,11.999,10.517,4.4165,15.185,11.3905,11.5895,8.12,13.28775,10.69725,9.5475,4.8515,18.2845,12.48825,16.016
"8","TECH4008",20378,"10/31/18 6:39","Fall2018",19,0,"White",1,"Female","Cant Tell","Phone","Phone","Cant Tell","Not at all","Hand","Pocket","Backpack","Surface","Else",92,"Silent","Silent",139,1.666666667,"Low",0,3.066666667,"Low",0,11.521,14.35,15.309,17.029,7.662,8.924,8.021,7.798,12.676,15.327,16.037,16.877,5.903,5.766,3.424,6.909,11.172,11.134,10.226,8.214,12.611,12.819,11.661,10.218,8.872,10.968,13.66,9.358,6.617,8.421,7.5,3.121,10.714,13.192,12.74,8.045,8.6655,10.8065,10.12,5.583,5.978,7.972,7.451,3.235,-5.147,-5.3,-1.61,2.026,0.883,4.788,-2.601,-2.92,1.143,-0.950000000000001,-0.946,-2.479,1.55,-1.126,2.679,3.361,0.359000000000001,3.788,-5.2235,1.4545,-4.737,1.473,11.953,7.519,6.975,9.92,9.736,10.3925,5.3105,5.343,11.509,7.8515,-1.5605,-2.2085,1.589,-1.8845,12.715,11.153,5.8345,10.9395,9.22,5.1665,-1.7755,-1.933,-0.668,14.0015,8.293,12.9355,16.457,7.9095,16.169,2.4555,-0.383499999999999,3.2335,16.102,8.361,15.6895,10.6185,5.771,5.6035,10.163,8.19475,11.5185,9.674,6.3375,14.3565,7.8415,13.415,11.727,7.0585,6.7145,11.266,9.39275,12.136,10.699,4.6635,11.17275,6.41475,6.159,10.7145,8.79375,11.82725,10.1865,5.5005,15.22925,8.10125,14.55225
"9","TECH4009",9606,"11/1/18 11:28","Fall2018",19,0,"White",0,"Male","Weedeater","Phone","Phone","Leafblower","Nearly the same","Pocket","Hand","Surface","Else","Backpack",80,"Vibration","Vibration",105,1.6,"Low",0,3.133333333,"Low",0,NA,NA,NA,NA,NA,NA,NA,NA,NA,NA,NA,NA,NA,NA,NA,NA,NA,NA,NA,NA,NA,NA,NA,NA,NA,NA,NA,NA,NA,NA,NA,NA,NA,NA,NA,NA,NA,NA,NA,NA,NA,NA,NA,NA,NA,NA,NA,NA,NA,NA,NA,NA,NA,NA,NA,NA,NA,NA,NA,NA,NA,NA,NA,NA,NA,NA,NA,NA,NA,NA,NA,NA,NA,NA,NA,NA,NA,NA,NA,NA,NA,NA,NA,NA,NA,NA,NA,NA,NA,NA,NA,NA,NA,NA,NA,NA,NA,NA,NA,NA,NA,NA,NA,NA,NA,NA,NA,NA,NA,NA,NA,NA,NA,NA,NA,NA,NA,NA,NA,NA,NA,NA,NA,NA,NA,NA,NA,NA,NA,NA,NA
"10","TECH4010",11837,"11/3/18 9:53","Fall2018",19,1,"Non-White",0,"Male","Weedeater","Phone","Phone","Leafblower","Somwehwat similar","Pocket","Hand","Surface","Backpack","Else",70,"Silent","Silent",300,2.133333333,"High",1,3.266666667,"Low",0,NA,NA,NA,NA,NA,NA,NA,NA,NA,NA,NA,NA,NA,NA,NA,NA,NA,NA,NA,NA,NA,NA,NA,NA,NA,NA,NA,NA,NA,NA,NA,NA,NA,NA,NA,NA,NA,NA,NA,NA,NA,NA,NA,NA,NA,NA,NA,NA,NA,NA,NA,NA,NA,NA,NA,NA,NA,NA,NA,NA,NA,NA,NA,NA,NA,NA,NA,NA,NA,NA,NA,NA,NA,NA,NA,NA,NA,NA,NA,NA,NA,NA,NA,NA,NA,NA,NA,NA,NA,NA,NA,NA,NA,NA,NA,NA,NA,NA,NA,NA,NA,NA,NA,NA,NA,NA,NA,NA,NA,NA,NA,NA,NA,NA,NA,NA,NA,NA,NA,NA,NA,NA,NA,NA,NA,NA,NA,NA,NA,NA,NA
"11","TECH4011",8238,"11/3/18 13:53","Fall2018",21,0,"White",0,"Male","Weedeater","Phone","Phone","Leafblower","Nearly the same","Pocket","Hand","Surface","Backpack","Else",50,"Silent","Silent",17,2.533333333,"High",1,3,"Low",0,10.204,10.076,7.615,9.213,9.238,8.509,8.501,10.712,12.851,12.117,10.019,10.154,5.452,5.755,3.574,1.541,6.139,6.209,5.77,4.534,6.118,6.067,3.014,2.649,3.141,3.943,0.107,2.51,5.399,6.173,3.655,4.323,6.746,7.487,2.311,3.483,6.0725,6.83,2.983,3.903,5.025,6.054,3.982,4.869,-4.004,-1.85,-1.433,-4.435,-1.744,-3.034,-3.418,-1.675,-4.214,-3.104,-0.369000000000001,-1.878,-1.963,2.203,-0.863000000000001,-2.832,-0.737,-2.589,-2.927,-3.0895,-1.185,-1.043,7.1165,5.786,5.5395,3.542,6.45125,2.897,3.989,4.4255,1.3085,3.443,-4.2195,-1.797,-2.2335,-3.00825,6.0925,6.174,5.6035,2.8315,5.152,2.5575,-3.261,-1.022,-3.046,12.484,8.8735,10.14,10.0865,9.6065,8.414,-2.3975,0.733000000000001,-1.726,11.1355,9.6105,9.6445,5.485,5.248,5.4615,3.2265,5.3665,4.358,5.3715,3.648,11.435,8.8695,8.9095,4.5285,4.527,4.5035,1.624,4.52775,4.566,5.9545,4.513,5.00675,4.8875,4.9825,2.42525,4.947125,4.462,5.663,4.0805,11.28525,9.24,9.277
"12","TECH4013",9302,"11/6/18 11:30","Fall2018",19,0,"White",1,"Female","Cant Tell","Phone","Phone","Leafblower","Somwehwat similar","Else","Hand","Pocket","Backpack","Surface",90,"Vibration","Vibration",50,1.866666667,"Low",0,3.2,"Low",0,13.458,11.805,18.027,18.156,8.893,7.591,12.763,12.352,12.169,11.72,20.399,17.838,4.719,4.218,3.102,7.611,9.955,10.523,12.745,9.094,10.178,11.271,13.132,9.91,7.243,7.668,8.177,9.776,9.677,8.436,11.802,8.031,11.639,10.941,13.255,8.008,10.658,9.6885,12.5285,8.0195,9.766,8.796,13.304,9.022,-2.933,-0.404999999999999,2.108,1.616,2.125,0.933999999999999,-1.361,-1.429,3.393,2.954,2.79,-1.617,6.118,4.761,6.351,8.23,3.87,4.569,-1.669,1.8705,0.226000000000001,3.538,11.29,9.0565,9.281,7.4555,10.17325,10.6315,9.9165,11.163,8.9765,10.274,-0.6585,0.859999999999999,1.521,0.10075,10.7245,10.239,4.4685,11.521,10.9195,5.3565,0.7965,0.680499999999999,0.887999999999999,11.9445,8.242,12.6315,19.1185,12.5575,18.0915,7.174,4.3155,5.46,14.779,9.9715,14.9805,9.4745,8.2335,8.909,8.722,8.854,10.5905,9.8085,5.9145,16.284,10.828,15.7425,12.447,10.7395,11.535,7.71,11.59325,11.655,11.35,3.9105,10.96075,9.4865,10.222,8.216,10.223625,11.12275,10.57925,4.9125,15.5315,10.39975,15.3615
"13","TECH4014",830,"11/7/18 9:01","Fall2018",20,0,"White",1,"Female","Weedeater","Cant Tell","Phone","Leafblower","Somwehwat similar","Surface","Pocket","Hand","Backpack","Else",100,"Silent","Silent",150,2.066666667,"High",1,3.266666667,"Low",0,13.885,12.471,9.984,11.019,7.886,7.714,6.075,5.949,16.23,15.588,12.615,13.47,0.71,-0.859,-1.576,-0.719,3.257,2.647,2.983,1.365,2.961,1.407,0.899,1.176,3.368,1.398,-0.571,0.003,2.473,1.133,-0.481,0.057,9.079,7.455,0.558,3.904,5.776,4.294,0.0385,1.9805,1.319,-0.219,-1.906,0.813,-3.551,-1.076,-1.395,-8.521,-2.954,-3.939,-0.231,-1.282,0.14,-2.062,-0.274,-2.286,-2.118,-1.765,-1.452,-3.615,-1.811,-3.901,-2.3135,-5.7375,1.032,-3.225,8.267,1.803,0.55,2.383,5.035,2.231,-0.212,-0.5465,-0.284,1.0095,-6.036,-2.015,-2.667,-4.0255,2.184,2.952,-0.0745,1.0375,2.174,-1.1475,-1.1465,-0.778,-1.073,15.909,7.8,13.178,13.0425,6.012,10.5015,-2.8665,-1.788,-2.6765,14.529,6.8315,11.745,5.6795,0.595,0.297,0.7005,3.13725,1.2915,2.006,-0.789,14.4225,6.9805,11.9345,4.8185,0.996,-0.2935,1.3985,2.90725,1.93,3.12,-0.433,5.249,0.7955,0.00174999999999997,1.0495,3.02225,1.61075,2.563,-0.611,14.47575,6.906,11.83975
"14","TECH4015",10359,"11/7/18 9:17","Fall2018",20,0,"White",1,"Female","Weedeater","Cant Tell","Phone","Leafblower","Somwehwat similar","Hand","Pocket","Surface","Backpack","Else",75,"Vibration","Vibration",57,2.266666667,"High",1,3.933333333,"High",1,10.009,10.603,8.941,12.939,12.589,13.183,9.382,11.787,12.025,12.461,9.428,12.385,1.08,0.827,1.218,3.34,10.074,10.664,12.771,11.316,6.219,6.625,8.598,7.491,6.137,6.806,6.076,8.206,10.169,11.037,8.732,8.992,10.327,10.663,8.459,9.006,10.248,10.85,8.5955,8.999,9.387,10.503,8.996,8.83,-1.657,-2.045,1.4,-1.868,-1.437,-0.0609999999999999,0.866,0.652000000000001,2.513,2.379,2.697,0.138,-0.0760000000000005,-1.396,2.336,-2.597,-3.207,-1.068,-1.851,-1.6525,-1.673,-0.391,10.495,10.603,9.945,6.4715,10.549,8.7325,8.862,8.913,7.141,8.79725,-1.7625,-1.741,0.6695,-1.75175,6.422,10.369,0.9535,8.0445,12.0435,2.279,1.6225,1.6745,1.3255,12.243,12.886,10.306,10.9065,10.5845,10.94,-1.3365,-2.3015,0.634,12.423,12.485,11.771,9.8345,10.0145,9.6665,7.506,9.9245,7.058,10.99,2.0835,10.7265,10.9855,9.475,9.393,9.4505,9.1915,6.1065,9.42175,7.4085,11.4225,1.149,9.61375,9.7325,9.429,6.80625,9.673125,7.23325,11.20625,1.61625,11.57475,11.73525,10.623
"15","TECH4016",1735,"11/9/18 11:53","Fall2018",19,0,"White",1,"Female","Cant Tell","Cant Tell","Phone","Cant Tell","Nearly the same","Pocket","Hand","Backpack","Surface","Else",78,"Vibration","Vibration",80,2.266666667,"High",1,1.866666667,"Low",0,9.938,13.987,12.224,13.37,8.004,9.959,8.884,10.337,11.888,14.283,14.638,14.428,7.966,11.072,8.888,10.432,14.667,15.812,13.576,14.888,15.675,17.793,17.083,16.158,7.785,11.938,10.015,9.939,7.061,8.088,8.427,6.24,9.585,11.653,11.35,8.998,8.323,9.8705,9.8885,7.619,7.462,7.714,9.708,4.236,-2.655,-1.848,-1.999,1.765,1.366,2.23,-1.635,-0.923999999999999,-0.639999999999999,1.408,-1.091,0.922,0.145000000000001,0.378,-0.617000000000001,2.75,0.880000000000001,2.286,-2.2515,1.5655,-3.478,2.246,10.619,7.5745,7.588,9.8615,9.09675,10.174,7.3335,6.972,9.977,8.75375,-0.445,-0.241,0.115500000000001,-0.343,16.734,15.2395,9.519,16.6205,14.232,9.66,-0.113500000000002,-1.0075,0.141,13.0855,8.9815,11.9625,14.533,9.6105,12.797,1.4475,0.629,0.8345,14.3555,10.148,13.6785,10.3255,7.164,5.975,10.9385,8.74475,16.9755,15.35,10.752,13.263,8.444,11.081,10.4675,7.744,8.585,8.9,9.10575,16.379,14.1215,8.427,10.3965,7.454,7.28,9.91925,8.92525,16.67725,14.73575,9.5895,13.80925,9.296,12.37975
"16","TECH4017",9039,"11/10/18 10:42","Fall2018",19,0,"White",0,"Male","Weedeater","Cant Tell","Phone","Leafblower","Nearly the same","Pocket","Surface","Hand","Backpack","Else",70,"Vibration","Vibration",230,2.2,"High",1,2.4,"Low",0,8.566,6.722,6.584,5.875,7.443,5.551,6.561,5.023,9.049,6.584,7.19,6.438,2.69,2.798,2.554,3.938,4.206,3.56,4.806,0.943,2.651,2.439,3.054,1.094,0.068,0.236,-3.046,-0.488,5.934,4.853,3.791,2.833,5.909,4.463,2.968,4.245,5.9215,4.658,3.3795,3.539,5.325,4.353,3.694,4.423,-0.218,-2.02,-0.724,-2.941,-2.143,-3.114,-1.345,-2.617,1.14,0.403,0.6,-0.136,-0.146,-0.528,-0.847,-1.859,-0.882,-1.982,-1.119,-2.542,0.0700000000000003,-1.631,5.186,5.3935,4.839,0.152,5.28975,3.6065,3.312,4.0585,-1.767,3.45925,-1.5795,-2.0815,-1.919,-1.8305,2.545,3.883,2.744,2.074,2.8745,3.246,-0.471,-1.0085,0.502,7.8165,6.497,7.644,6.814,5.792,6.2295,-1.0025,-0.705,-1.4145,6.511,5.287,6.2985,4.354,3.843,4.388,-0.126,4.0985,1.7665,2.2515,3.368,8.1195,7.002,7.575,4.4385,4.8625,4.5095,-1.489,4.6505,2.8525,4.506,2.622,4.39625,4.35275,4.44875,-0.8075,4.3745,2.3095,3.37875,2.995,7.31525,6.1445,6.93675
"17","TECH4018",9868,"11/11/18 10:47","Fall2018",22,0,"White",1,"Female","Cant Tell","Cant Tell","Phone","Leafblower","Nearly the same","Surface","Pocket","Hand","Backpack","Else",60,"Silent","Silent",6,1.733333333,"Low",0,3.266666667,"Low",0,7.033,8.508,11.081,6.704,10.574,12.343,18.41,17.303,11.274,13.694,22.195,17.083,4.669,5.213,4.388,2.786,16.144,18.441,21.854,13.254,14.153,15.884,18.485,10.657,5.944,7.162,7.057,2.723,8.909,9.834,8.851,7.273,9.52,11.158,9.78,6.796,9.2145,10.496,9.3155,7.0345,9.006,9.851,10.059,9.041,-4.362,-2.561,-4.439,0.26,-0.0579999999999998,1.113,-5.227,-5.187,-2.427,4.332,5.71,-0.281,3.389,4.96,-1.804,10.921,7.836,4.048,-3.4615,0.101000000000001,-0.81,1.053,10.339,9.3715,9.4285,6.553,9.85525,8.288,8.062,9.55,4.89,8.175,-2.051,-1.3095,-1.663,-1.68025,15.0185,17.2925,4.941,14.571,17.554,3.587,-0.4475,0.261500000000002,-1.354,12.484,11.4585,7.7705,19.639,17.8565,8.8925,7.155,6.398,1.122,15.3885,14.823,7.606,8.977,8.5535,9.446,4.9425,8.76525,13.2705,15.8475,3.9995,16.7345,14.492,9.057,9.65,8.88,9.5325,6.5005,9.265,16.319,18.999,4.5285,9.3135,8.71675,9.48925,5.7215,9.015125,14.79475,17.42325,4.264,16.0615,14.6575,8.3315
"18","TECH4019",9638,"11/11/18 13:34","Fall2018",18,0,"White",0,"Male","Cant Tell","Phone","Phone","Leafblower","Nearly the same","Pocket","Hand","Surface","Backpack","Else",65,"Vibration","Vibration",15,2.066666667,"High",1,4.466666667,"High",1,9.265,10.939,10.476,8.653,8.446,9.811,9.145,10.766,11.511,13.265,13.751,13.166,3.449,3.297,3.154,6.205,8.083,7.962,7.833,11.447,7.857,7.748,7.367,11.219,5.783,5.812,5.231,6.175,7.334,8.293,5.895,7.692,10.548,11.875,8.286,9.265,8.941,10.084,7.0905,8.4785,5.691,6.805,5.265,4.986,-2.61,-0.600999999999999,0.363,-2.262,-1.439,-0.552,3.471,3.485,2.908,-0.49,-0.25,-0.295,-0.0990000000000002,0.955,-2.286,2.24,0.699,1.211,-1.6055,-1.8505,-1.819,-0.426,11.2115,7.8135,6.248,5.7975,9.5125,8.7755,6.7935,5.1255,5.703,7.7845,-2.436,-1.02,-0.0945000000000009,-1.728,7.8025,8.0225,3.373,9.293,9.64,4.6795,1.4905,1.6175,1.3065,12.388,9.1285,10.102,13.4585,9.9555,9.5645,1.0705,0.827000000000002,-0.5375,13.2155,10.2885,9.796,10.57,7.9925,5.8955,5.9935,9.28125,9.4835,9.7045,4.751,12.631,8.7955,9.8705,9.417,6.6145,5.478,5.507,8.01575,7.612,7.958,3.3015,9.9935,7.3035,5.68675,5.75025,8.6485,8.54775,8.83125,4.02625,12.92325,9.542,9.83325
"19","TECH4020",979,"1/25/19 12:06","Spring2019",22,0,"White",0,"Male","Weedeater","Cant Tell","Phone","Leafblower","Nearly the same","Pocket","Hand","Surface","Backpack","Else",70,"Vibration","Vibration",20,2.6,"High",1,3.466666667,"Low",0,NA,NA,NA,NA,NA,NA,NA,NA,NA,NA,NA,NA,NA,NA,NA,NA,NA,NA,NA,NA,NA,NA,NA,NA,NA,NA,NA,NA,NA,NA,NA,NA,NA,NA,NA,NA,NA,NA,NA,NA,NA,NA,NA,NA,NA,NA,NA,NA,NA,NA,NA,NA,NA,NA,NA,NA,NA,NA,NA,NA,NA,NA,NA,NA,NA,NA,NA,NA,NA,NA,NA,NA,NA,NA,NA,NA,NA,NA,NA,NA,NA,NA,NA,NA,NA,NA,NA,NA,NA,NA,NA,NA,NA,NA,NA,NA,NA,NA,NA,NA,NA,NA,NA,NA,NA,NA,NA,NA,NA,NA,NA,NA,NA,NA,NA,NA,NA,NA,NA,NA,NA,NA,NA,NA,NA,NA,NA,NA,NA,NA,NA
"20","TECH4021",9026,"1/28/19 9:53","Spring2019",23,0,"White",0,"Male","Cant Tell","Cant Tell","Phone","Cant Tell","Not at all","Pocket","Surface","Hand","Backpack","Else",80,"Vibration","Vibration",10,2.2,"High",1,3.866666667,"High",1,11.251,11.771,14.786,13.697,4.645,5.146,3.071,7.625,11.194,11.859,12.447,13.811,4.12,5.2,5.45,6.014,7.683,7.593,7.305,9.389,8.545,8.811,7.163,7.57,4.797,4.007,2.241,3.255,4.034,3.833,2.78,3.995,6.818,7.255,5.324,4.827,5.426,5.544,4.052,4.411,2.992,2.541,2.388,4.106,-2.428,0.162,-0.752,-1.494,-1.254,-2.556,-1.241,1.796,0.814,-1.382,-0.378,1.33,1.952,2.479,1.926,1.253,-1.574,3.535,-1.133,-1.374,1.565,-0.604,7.0365,3.9335,2.7665,4.402,5.485,5.0755,3.3875,3.247,2.748,4.2315,-1.961,-0.546,-1.654,-1.2535,8.678,7.638,4.66,7.3665,8.347,5.732,-1.3115,0.709,1.072,11.5265,4.8955,11.511,13.129,5.348,14.2415,1.6025,0.4525,2.7305,12.835,6.3855,12.734,6.041,3.914,3.3235,3.631,4.9775,8.1905,8.491,5.607,11.8205,3.858,13.0185,6.071,3.407,2.69,3.519,4.739,7.854,7.494,4.785,6.056,3.6605,3.00675,3.575,4.85825,8.02225,7.9925,5.196,12.32775,5.12175,12.87625
"21","TECH4022",9258,"1/30/19 9:50","Spring2019",19,0,"White",1,"Female","Weedeater","Phone","Phone","Leafblower","Somwehwat similar","Pocket","Hand","Surface","Backpack","Else",60,"Vibration","Vibration",15,1.8,"Low",0,4.266666667,"High",1,10.24,10.81,15.22,7.471,5.859,5.821,9.356,4.327,9.626,9.399,13.774,6.205,3.903,5.797,5.844,3.172,5.524,6.545,9.487,4.337,5.881,6.603,10.106,3.582,3.177,3.715,6.701,0.687,1.914,1.52,3.107,0.635,5.027,4.513,6.688,1.689,3.4705,3.0165,4.8975,1.162,2.066,1.544,2.436,1.597,-2.824,-0.885,-3.028,1.661,1.193,3.524,-3.021,-2.208,-2.625,4.225,3.963,1.941,-3.194,-1.494,-3.339,4.148,3.497,4.98,-1.8545,1.427,0.0529999999999999,0.37,4.77,1.717,1.805,3.446,3.2435,4.1885,1.871,2.0165,3.694,3.02975,-0.5815,0.154,0.248,-0.21375,6.242,6.0345,4.85,6.844,6.912,4.508,0.601999999999999,0.8775,-0.342,9.5125,5.84,10.525,9.9895,6.8415,11.3455,0.477,1.0015,0.820500000000001,7.802,5.074,9.1405,3.101,1.0775,1.5705,2.201,2.08925,5.0925,5.441,4.4845,11.7,7.6075,12.73,5.8575,2.5105,2.251,4.939,4.184,7.9935,7.5055,4.8735,4.47925,1.794,1.91075,3.57,3.136625,6.543,6.47325,4.679,9.751,6.34075,10.93525
"22","TECH4024",10195,"2/1/19 9:40","Spring2019",18,1,"Non-White",0,"Male","Cant Tell","Cant Tell","Phone","Leafblower","Nearly the same","Pocket","Hand","Surface","Backpack","Else",70,"Vibration","Vibration",106,1.866666667,"Low",0,4.066666667,"High",1,11.291,12.306,15.25,10.946,3.99,3.281,0.691,-5.189,9.462,10.97,13.664,9.066,8.858,7.557,6.881,4.434,13.455,11.388,14.288,6.637,12.705,11.494,13.83,9.048,7.634,6.745,9.495,4.272,4.959,3.953,2.651,-5.749,11.525,11.465,11.975,4.61,8.242,7.709,7.313,-0.5695,5.233,6.095,3.078,-0.647,-6.855,-9.702,-2.473,0.449999999999999,-2.308,1.861,-2.446,-4.751,-3.123,1.125,0.833,-1.977,-1.904,-8.47,-1.36,4.202,-3.299,3.959,-8.2785,-0.929000000000001,-6.742,-2.155,11.495,4.456,5.664,7.1895,7.9755,8.2925,-1.549,1.2155,6.8835,3.37175,-3.2025,-6.005,-0.306000000000001,-4.60375,12.0995,12.4215,8.2075,11.439,10.4625,5.6575,-0.660499999999999,-1.959,-2.55,10.216,3.6355,11.7985,11.365,-2.249,13.098,1.149,-5.8845,1.2995,10.018,-0.954,11.626,8.0375,-0.898,2.724,5.5085,3.56975,10.271,9.0125,5.9955,11.563,2.3405,13.2705,11.75,3.805,4.1555,8.5645,7.7775,13.2675,13.8715,7.8695,9.89375,1.4535,3.43975,7.0365,5.673625,11.76925,11.442,6.9325,10.7905,0.69325,12.44825
"23","TECH4025",96480,"2/6/19 9:45","Spring2019",19,1,"Non-White",1,"Female","Weedeater","Cant Tell","Phone","Leafblower","Exactly the same","Pocket","Hand","Backpack","Surface","Else",80,"Sound","Sound",0,2.066666667,"High",1,2.466666667,"Low",0,13.283,12.112,14.799,14.228,10.149,7.699,12.358,11.471,12.764,11.187,15.704,14.925,5.508,5.213,5.339,3.236,11.39,9.919,13.149,11.899,10.867,10.2,13.022,10.544,10.373,10.391,12.121,12.14,10.087,7.715,9.237,9.964,11.27,9.798,11.915,9.752,10.6785,8.7565,10.576,9.858,9.439,7.702,8.274,8.681,-0.0459999999999994,2.249,1.749,0.645,-0.85,1.748,0.344000000000001,1.98,-1.977,2.155,1.759,-0.169,3.738,3.772,2.116,2.94,2.209,1.516,1.1015,-0.102499999999999,0.978999999999999,-1.165,10.534,8.901,8.5705,10.382,9.7175,10.8335,9.6005,8.4775,12.1305,10.217,0.299500000000002,0.6995,1.7485,0.499500000000001,10.5335,10.6545,5.3605,11.783,12.524,4.2875,1.2495,1.8695,-1.073,11.9755,8.924,12.6975,15.3145,11.9145,14.5135,3.339,2.9905,1.816,13.056,9.585,13.17,9.775,8.8395,8.1915,11.2655,9.30725,10.372,10.909,4.2245,14.234,11.2535,14.041,11.5925,9.662,8.8565,11.247,10.62725,11.9445,12.2695,5.4235,10.68375,9.25075,8.524,11.25625,9.96725,11.15825,11.58925,4.824,13.645,10.41925,13.6055
"24","TECH4026",1808,"2/7/19 12:33","Spring2019",19,0,"White",0,"Male","Weedeater","Phone","Phone","Leafblower","Not at all","Pocket","Hand","Surface","Backpack","Else",95,"Silent","Silent",32,2.266666667,"High",1,3.2,"Low",0,4.407,4.406,9.669,4.923,6.382,6.01,6.367,8.693,7.811,7.495,9.325,8.587,2.881,3.025,6.551,2.862,4.919,4.641,4.435,7.275,4.271,3.988,6.346,5.737,0.743,0.392,5.4,-0.608,1.929,0.857,1.96,4.855,3.159,2.177,4.162,3.381,2.544,1.517,3.061,4.118,2.655,1.822,5.073,3.777,1.204,3.998,-1,1.003,0.0309999999999999,4.657,1.749,2.634,-0.163,2.075,-0.484,3.67,1.092,2.683,0.517,1.514,-0.0149999999999997,5.262,2.601,0.517,1.955,2.418,2.668,1.393,2.2385,0.5675,2.0305,3.7715,3.4075,4.425,2.396,3.5895,1.1035,2.0145,1.8285,1.559,4.1295,4.78,2.953,6.0415,5.855,4.7065,1.912,1.075,1.7535,7.653,6.196,4.4065,8.956,7.53,7.296,1.303,1.334,2.8895,8.041,7.3515,4.6645,2.779,2.856,2.7995,-0.108,2.8175,4.8625,5.958,2.9435,8.568,6.3745,7.038,3.6605,1.9445,3.864,3.0715,2.8025,5.3085,4.677,4.716,3.21975,2.40025,3.33175,1.48175,2.81,5.0855,5.3175,3.82975,8.3045,6.863,5.85125
"25","TECH4027",9175,"2/8/19 9:48","Spring2019",18,1,"Non-White",0,"Male","Cant Tell","Cant Tell","Phone","Leafblower","Somwehwat similar","Pocket","Surface","Hand","Backpack","Else",90,"Vibration","Vibration",15,1.6,"Low",0,3.066666667,"Low",0,NA,NA,NA,NA,NA,NA,NA,NA,NA,NA,NA,NA,NA,NA,NA,NA,NA,NA,NA,NA,NA,NA,NA,NA,NA,NA,NA,NA,NA,NA,NA,NA,NA,NA,NA,NA,NA,NA,NA,NA,NA,NA,NA,NA,NA,NA,NA,NA,NA,NA,NA,NA,NA,NA,NA,NA,NA,NA,NA,NA,NA,NA,NA,NA,NA,NA,NA,NA,NA,NA,NA,NA,NA,NA,NA,NA,NA,NA,NA,NA,NA,NA,NA,NA,NA,NA,NA,NA,NA,NA,NA,NA,NA,NA,NA,NA,NA,NA,NA,NA,NA,NA,NA,NA,NA,NA,NA,NA,NA,NA,NA,NA,NA,NA,NA,NA,NA,NA,NA,NA,NA,NA,NA,NA,NA,NA,NA,NA,NA,NA,NA
"26","TECH4028",8421,"2/11/19 9:55","Spring2019",20,0,"White",0,"Male","Weedeater","Phone","Phone","Leafblower","Somwehwat similar","Pocket","Hand","Surface","Backpack","Else",95,"Vibration","Vibration",36,2.133333333,"High",1,2.6,"Low",0,10.03,11.496,10.977,11.46,7.639,8.312,8.974,11.313,9.484,11.325,10.995,12.671,2.938,4.191,2.626,2.039,7.354,7.349,7.057,7.524,6.769,8.393,7.437,6.129,5.996,7.202,3.364,6.303,8.169,8.109,7.834,8.05,8.811,10.092,7.989,8.01,8.49,9.1005,7.9115,8.03,6.79,7.744,7.921,7.302,-2.082,-0.0589999999999993,-0.899,-0.822,-0.335000000000001,-2.632,-2.264,0.175,-2.152,0.668,-0.297,-0.312,1.346,3.001,-0.0359999999999996,1.511,1.335,0.947000000000001,-1.0705,-0.5785,-0.442,1.131,9.4515,8.139,7.267,6.599,8.79525,7.9995,7.942,7.6115,4.8335,7.97075,-1.452,-0.196999999999999,-1.7655,-0.8245,7.581,7.3515,3.5645,6.783,7.2905,2.3325,-0.798000000000001,-0.0609999999999999,-1.232,10.4045,7.9755,10.763,11.833,10.1435,11.2185,1.4285,2.168,0.455500000000001,11.998,9.8125,11.478,9.051,8.0795,7.523,6.7525,8.56525,7.261,7.4365,3.115,10.2395,8.3065,10.5035,8.4,8.0015,7.3555,4.68,8.20075,7.103,7.2055,2.782,8.7255,8.0405,7.43925,5.71625,8.383,7.182,7.321,2.9485,11.11875,9.0595,10.99075
"27","TECH4029",9369,"2/13/19 9:42","Spring2019",19,1,"Non-White",0,"Male","Weedeater","Phone","Phone","Leafblower","Somwehwat similar","Pocket","Hand","Surface","Else","Backpack",80,"Vibration","Vibration",35,2.466666667,"High",1,4.2,"High",1,8.786,7.579,-5.455,10.067,10.49,11.19,5.713,13.476,16.513,17.404,6.579,18.752,2.625,0.571,-2.452,5.141,7.87,5.909,5.481,11.168,6.114,4.972,2.32,10.952,1.378,0.907,-5.551,4.684,1.103,-0.427,-1.26,3.956,5,4.543,-1.978,7.71,3.0515,2.058,-1.619,5.833,-0.755,-2.257,-3.947,2.392,3.167,4.383,3.777,-6.978,-2.363,-6.929,5.98,5.259,4.57,-3.794,-2.389,-5.077,1.348,2.286,2.488,-9.934,-4.777,-14.241,3.775,-4.6705,4.649,-3.192,4.7715,0.338,-1.506,1.1425,2.55475,2.866,1.348,-0.7775,-0.4335,2.107,-1.9055,1.01,-1.576,-0.44775,5.543,6.8895,1.598,6.636,8.3245,1.3445,1.093,1.435,-0.2535,16.9585,10.84,8.1825,12.6655,9.5945,2.306,-4.293,-1.2455,-5.8765,18.078,12.333,8.823,6.1265,1.7645,0.0674999999999999,2.7955,3.9455,7.962,8.5385,2.856,11.546,8.1015,1.6655,1.511,-0.0785,-2.351,-2.0865,0.71625,4.217,6.6755,0.0865,3.81875,0.843,-1.14175,0.3545,2.330875,6.0895,7.607,1.47125,14.812,10.21725,5.24425
"28","TECH4030",9178,"2/14/19 10:31","Spring2019",20,0,"White",0,"Male","Weedeater","Cant Tell","Phone","Leafblower","Nearly the same","Pocket","Hand","Surface","Backpack","Else",90,"Silent","Silent",60,2,"High",1,3.133333333,"Low",0,7.974,9.336,12.516,10.615,3.25,4.364,8.657,2.849,7.687,8.839,16.135,11.43,5.159,6.17,9.337,4.985,3.836,5.007,6.086,4.093,6.152,7.864,10.975,6.944,2.706,5.669,6.63,3.067,-0.383,1.034,-0.359,-2.1,3.15,5.178,5.8,3.136,1.3835,3.106,2.7205,0.518,-1.03,0.051,-0.693,-1.809,-2.042,-3.134,-2.602,2.65,0.024,3.924,-0.92,-0.914,-1.185,4.823,2.25,4.178,2.591,-1.515,1.279,8.448,5.407,4.542,-2.588,1.337,-1.86,0.337,4.164,0.3255,-0.4895,4.1875,2.24475,4.468,-1.2295,-1.251,4.8485,1.61925,0.304,-1.555,0.661,-0.6255,7.008,4.4215,5.6645,8.9595,5.0895,7.161,1.9515,0.668,1.4965,8.263,3.807,8.655,13.7825,5.753,11.5655,5.5195,1.946,2.9105,10.1345,3.6065,9.9755,4.157,-0.533,-0.879,4.368,1.812,7.404,4.55,5.5775,11.911,5.9535,10.245,4.475,-0.371,-0.8615,4.668,2.052,8.5635,4.961,7.248,4.316,-0.452,-0.87025,4.518,1.932,7.98375,4.7555,6.41275,11.02275,4.78,10.11025
"29","TECH4031",8610,"2/18/19 9:44","Spring2019",20,0,"White",1,"Female","Weedeater","Cant Tell","Phone","Leafblower","Somwehwat similar","Hand","Pocket","Surface","Backpack","Else",65,"Vibration","Vibration",16,1.866666667,"Low",0,4,"High",1,4.637,3.516,4.826,3.521,5.236,4.481,4.937,7.965,6.835,5.961,5.408,8.403,3.181,4.442,5.159,4.343,10.127,10.219,10.293,12.054,7.214,8.707,8.1,10.592,3.298,3.812,5.126,3.813,5.554,5.806,6.57,5.072,2.676,3.646,2.92,3.478,4.115,4.726,4.745,4.275,5.344,5.52,6.656,5.573,-0.168,-0.734,0.00100000000000033,0.244,1.016,1.828,1.885,1.835,-0.0990000000000002,0.885999999999999,0.165999999999999,1.978,2.442,3.484,0.00499999999999989,-1.427,-0.298999999999999,0.189,-0.451,0.63,0.0530000000000008,1.312,3.161,5.68,5.432,3.555,4.4205,3.199,5.821,6.1145,4.4695,4.51,0.0379999999999998,0.141,0.9145,0.0895000000000001,7.9605,10.173,3.8115,9.346,11.1735,4.751,1.3855,1.0005,0.939499999999999,6.398,4.8585,4.0765,6.9055,6.451,4.1735,0.5075,1.5925,0.0970000000000004,7.182,6.223,3.5185,3.562,5.439,5.5465,3.8125,4.5005,9.6495,11.1365,4.3925,6.1215,5.0865,4.7315,2.798,6.062,6,4.212,4.43,7.657,10.21,4.17,3.18,5.7505,5.77325,4.01225,4.46525,8.65325,10.67325,4.28125,6.65175,5.65475,4.125
"30","TECH4032",8648,"2/20/19 9:49","Spring2019",21,0,"White",1,"Female","Weedeater","Phone","Phone","Leafblower","Somwehwat similar","Pocket","Hand","Surface","Backpack","Else",60,"Silent","Vibration",5,1.2,"Low",0,4.133333333,"High",1,9.623,9.719,9.382,6.161,9.906,10.858,12.347,6.957,11.004,11.557,10.941,6.273,2.49,1.214,1.415,0.887,13.236,12.767,13.266,10.586,11.012,10.337,9.803,7.33,5.873,4.309,4.618,4.792,6.138,6.459,7.74,3.445,4.947,5.535,6.142,2.836,5.5425,5.997,6.941,3.1405,6.864,7.426,8.962,4.277,-2.699,-3.014,0.483,1.195,1.602,-1.255,-3.007,-2.181,-0.327,-1.209,0.0299999999999994,-1.075,-5.284,-3.901,-3.558,-0.0629999999999988,2.441,-0.241,-2.8565,1.3985,-3.149,2.098,5.241,6.2985,7.145,5.091,5.76975,4.489,5.5925,6.6195,4.705,5.04075,-0.752,-0.706,-0.386,-0.729,10.6745,13.0015,1.852,8.5665,11.926,1.151,-2.108,-1.0755,-0.701,11.2805,10.382,9.671,8.607,9.652,7.7715,-2.6735,-0.730000000000002,-1.8995,8.915,8.9075,7.94,4.1855,4.952,5.8515,4.5505,4.56875,8.8335,11.6765,1.0505,10.9725,11.1265,9.5025,5.5445,6.939,7.913,5.2455,6.24175,10.4075,13.251,1.9525,4.865,5.9455,6.88225,4.898,5.40525,9.6205,12.46375,1.5015,9.94375,10.017,8.72125
"31","TECH4033",8828,"2/21/19 10:40","Spring2019",21,1,"Non-White",0,"Male","Cant Tell","Phone","Phone","Leafblower","Nearly the same","Hand","Else","Pocket","Surface","Backpack",66,"Vibration","Vibration",5,2.2,"High",1,4.666666667,"High",1,NA,NA,NA,NA,NA,NA,NA,NA,NA,NA,NA,NA,NA,NA,NA,NA,NA,NA,NA,NA,NA,NA,NA,NA,NA,NA,NA,NA,NA,NA,NA,NA,NA,NA,NA,NA,NA,NA,NA,NA,NA,NA,NA,NA,NA,NA,NA,NA,NA,NA,NA,NA,NA,NA,NA,NA,NA,NA,NA,NA,NA,NA,NA,NA,NA,NA,NA,NA,NA,NA,NA,NA,NA,NA,NA,NA,NA,NA,NA,NA,NA,NA,NA,NA,NA,NA,NA,NA,NA,NA,NA,NA,NA,NA,NA,NA,NA,NA,NA,NA,NA,NA,NA,NA,NA,NA,NA,NA,NA,NA,NA,NA,NA,NA,NA,NA,NA,NA,NA,NA,NA,NA,NA,NA,NA,NA,NA,NA,NA,NA,NA
"32","TECH4034",9102,"2/22/19 9:48","Spring2019",19,0,"White",1,"Female","Weedeater","Phone","Phone","Leafblower","Not at all","Hand","Pocket","Backpack","Surface","Else",98,"Sound","Silent",36,2.6,"High",1,3.133333333,"Low",0,11.074,9.323,11.489,14.768,2.831,1.309,5.385,6.942,9.888,7.617,11.158,13.739,6.511,5.661,7.99,8.258,8.533,8.428,11.719,5.654,10.515,10.891,13.92,8.573,12.046,11.278,14.279,12.101,1.798,1.325,4.594,0.715,7.223,6.479,9.572,6.327,4.5105,3.902,7.083,3.521,1.672,1.638,4.518,0.104,-0.152,-0.61,0.823,2.349,2.796,2.233,-2.318,-2.774,2.597,3.405,3.186,1.479,6.122,5.633,5.445,1.27,2.554,0.415000000000001,-0.381,2.5725,-1.534,2.846,6.851,1.5615,1.655,11.662,4.20625,7.9495,2.6545,2.311,13.19,5.302,1.0985,1.093,1.528,1.09575,10.703,8.4805,6.086,11.2465,8.6865,8.124,0.543500000000002,0.206,2.038,8.7525,2.07,10.1985,12.4485,6.1635,13.1285,3.696,4.0935,2.93,10.678,4.1255,12.0455,6.403,1.02,0.871,11.6895,3.7115,9.732,7.041,6.9595,10.523,4.108,11.2815,8.3975,3.196,3.095,13.1625,5.79675,12.2175,10.126,7.2505,7.40025,2.108,1.983,12.426,4.754125,10.97475,8.5835,7.105,10.6005,4.11675,11.6635
"33","TECH4035",8384,"2/25/19 9:54","Spring2019",19,0,"White",1,"Female","Weedeater","Cant Tell","Phone","Cant Tell","Somwehwat similar","Surface","Pocket","Hand","Backpack","Else",81,"Vibration","Vibration",100,1.733333333,"Low",0,3.933333333,"High",1,13.803,15.572,18.724,22.191,7.411,10.456,14.653,18.576,14.005,16.519,20.678,24.75,8.828,8.747,5.466,8.637,17.813,18.346,16.725,18.738,18.935,19.074,16.399,17.239,13.208,13.676,11.531,14.914,8.337,8.334,9.812,11.751,11.594,11.738,11.108,12.456,9.9655,10.036,10.46,12.1035,8.631,8.409,7.308,11.224,0.718,3.417,1.238,-0.485999999999999,1.475,-1.677,-1.835,0.391999999999999,-0.109999999999999,-2.536,-1.088,-3.362,8.231,8.12,6.619,6.673,7.242,4.921,2.0675,0.4945,2.815,-1.323,11.666,8.3355,8.52,13.442,10.00075,11.782,10.7815,9.266,13.2225,11.28175,0.116,2.446,-0.2195,1.281,19.0045,18.0795,8.7875,16.819,17.7315,7.0515,-2.1855,-0.347999999999999,-1.736,15.262,8.9335,14.6875,22.714,16.6145,20.4575,7.452,7.681,5.77,20.6345,14.516,18.8815,12.097,10.0425,9.8165,14.295,11.06975,18.1565,18.542,8.692,17.3415,11.032,16.2635,11.351,9.0745,7.9695,12.3695,10.21275,17.667,17.269,7.147,11.724,9.5585,8.893,13.33225,10.64125,17.91175,17.9055,7.9195,18.988,12.774,17.5725
"34","TECH4036",8496,"2/27/19 9:49","Spring2019",34,0,"White",0,"Male","Weedeater","Cant Tell","Phone","Leafblower","Nearly the same","Pocket","Else","Hand","Surface","Backpack",20,"Vibration","Vibration",4,1.333333333,"Low",0,4.066666667,"High",1,9.176,8.839,9.365,10.763,7.264,6.551,7.474,8.335,10.787,10.118,9.694,12.149,4.225,4.361,3.719,6.18,4.469,3.783,3.82,4.869,5.388,4.4,4.179,7.531,5.047,4.997,4.056,7.31,3.188,2.421,2.383,3.032,5.212,4.538,3.406,5.856,4.2,3.4795,2.8945,4.444,2.833,2.008,1.801,2.218,1.318,0.611,2.313,-1.806,-0.805,-0.991,3.131,1.086,1.819,-1.209,-0.649,-0.506,2.031,1.784,1.924,-1.093,0.21,0.189,0.9645,-1.3055,0.21,-1.032,4.875,2.8045,2.4205,5.022,3.83975,4.631,2.7075,2.0095,5.683,3.66925,-0.244,-0.097,0.661,-0.1705,4.894,4.126,4.293,5.855,4.3445,4.9495,0.961,0.2185,0.6565,10.4525,6.9075,9.0075,10.9215,7.9045,10.064,0.468999999999999,0.997,1.0565,11.1335,7.443,9.801,5.197,2.7265,2.113,6.1535,3.96175,5.9655,4.326,5.2705,10.2405,7.369,9.2705,4.309,2.7855,2.317,4.5515,3.54725,4.7835,4.1445,3.972,4.753,2.756,2.215,5.3525,3.7545,5.3745,4.23525,4.62125,10.687,7.406,9.53575
"35","TECH4037",8992,"2/28/19 10:26","Spring2019",19,1,"Non-White",0,"Male","Cant Tell","Cant Tell","Phone","Leafblower","Somwehwat similar","Pocket","Surface","Hand","Else","Backpack",75,"Vibration","Vibration",30,2.2,"High",1,3.333333333,"Low",0,6.694,6.901,9.468,8.938,2.041,3.116,6.099,3.128,5.577,6.141,8.541,5.873,4.749,5.954,8.21,4.253,5.603,7.79,9.429,7.24,3.599,4.92,7.782,4.314,1.192,2.046,6.017,1.643,0.789,1.918,4.683,2.138,-0.317,-0.355,3.863,0.099,0.236,0.7815,4.273,1.1185,2.441,3.713,6.818,4.14,0.454,0.22,-0.403,4.18,3.894,4.825,-0.606,-0.55,-1.701,4.183,3.826,3.461,-0.268,0.012,2.037,2.964,4.058,2.774,0.337,4.037,0.427,4.377,-0.336,1.3535,3.077,1.619,0.50875,1.981,3.4105,5.479,3.83,2.69575,2.317,2.057,2.211,2.187,4.2595,6.6965,5.3515,6.048,8.3345,6.2315,1.7885,1.638,0.880000000000001,5.859,2.5785,6.7975,7.207,4.6135,9.203,1.348,2.035,2.4055,6.007,3.122,7.9195,-0.128,2.028,3.9265,1.8445,0.95,4.617,7.515,5.1035,7.059,4.07,8.081,1.773,2.736,4.6295,3.6045,2.2545,5.6905,7.516,6.4795,0.8225,2.382,4.278,2.7245,1.60225,5.15375,7.5155,5.7915,6.533,3.596,8.00025
"36","TECH4038",8360,"3/1/19 9:52","Spring2019",18,1,"Non-White",0,"Male","Weedeater","Cant Tell","Phone","Leafblower","Nearly the same","Hand","Surface","Pocket","Backpack","Else",50,"Vibration","Vibration",6,1.933333333,"Low",0,3,"Low",0,6.528,6.348,7.605,5.701,6.256,6.323,6.888,3.229,6.89,7.627,11.101,7.693,0.79,1.379,4.548,2.532,5.528,6.294,10.44,6.251,2.763,3.268,6.527,5.895,2.319,2.889,4.61,3.973,4.456,5.47,5.18,1.299,5.316,7.5,7.051,4.757,4.886,6.485,6.1155,3.028,3.265,4.97,6.122,0.82,-2.743,-4.171,1.084,1.735,0.723999999999999,2.291,2.627,-0.0429999999999993,1.153,3.764,4.912,3.758,0.0659999999999998,-3.094,-0.647,4.211,0.632,1.077,-3.457,1.2295,-4.15,2.857,6.408,4.963,4.1175,2.604,5.6855,5.904,3.2395,3.471,4.2915,4.57175,-0.504,-1.7235,1.6875,-1.11375,3.0155,5.911,1.0845,6.211,8.3455,3.54,3.1955,2.4345,2.4555,7.2585,6.2895,6.438,9.397,5.0585,6.653,2.1385,-1.231,0.215000000000001,7.66,4.776,6.0245,6.1285,3.3845,2.895,3.431,4.7565,4.5815,6.2725,1.9555,8.9955,6.572,7.0665,6.1835,4.818,4.6935,3.4645,5.50075,4.645,7.984,2.669,6.156,4.10125,3.79425,3.44775,5.128625,4.61325,7.12825,2.31225,8.32775,5.674,6.5455
"37","TECH4039",8867,"3/6/19 9:45","Spring2019",19,0,"White",0,"Male","Weedeater","Phone","Phone","Leafblower","Somwehwat similar","Pocket","Hand","Surface","Else","Backpack",70,"Vibration","Vibration",17,2.133333333,"High",1,3.066666667,"Low",0,10.379,11.475,23.463,14.311,4.66,6.862,12.93,15.432,12.484,13.953,24.628,20.864,0.269,-0.333,6.542,3.546,5.408,6.661,15.056,12.619,5.557,5.184,14.131,9.679,3.939,4.033,13.862,6.682,3.737,5.979,14.361,12.464,8.083,8.479,16.419,12.216,5.91,7.229,15.39,12.34,2.973,5.668,15.276,10.391,3.737,6.485,2.649,8.336,10.624,9.923,4.495,5.958,3.879,8.574,9.648,6.273,6.911,8.57,2.836,12.144,8.27,13.084,5.111,9.48,4.723,12.303,8.281,4.858,4.3205,3.986,6.5695,14.3175,13.4125,12.8335,10.272,13.865,6.0365,8.5545,6.286,7.2955,5.3705,6.0345,-0.032,11.905,13.8375,5.044,6.5345,7.803,5.076,13.2185,5.761,10.927,22.746,14.181,18.887,9.5275,8.42,7.96,17.4085,11.147,12.893,10.3475,9.2215,8.0295,5.3575,9.7845,7.4315,9.64,1.6065,18.556,8.795,16.921,12.251,9.049,9.1245,8.9005,10.65,9.844,10.232,3.4055,11.29925,9.13525,8.577,7.129,10.21725,8.63775,9.936,2.506,17.98225,9.971,14.907
"38","TECH4040",8933,"3/7/19 10:37","Spring2019",18,0,"White",1,"Female","Weedeater","Phone","Phone","Leafblower","Nearly the same","Hand","Pocket","Surface","Backpack","Else",70,"Silent","Vibration",70,1.8,"Low",0,3.333333333,"Low",0,14.699,13.788,23.08,16.956,-3.31,-3.788,1.721,-7.116,6.67,5.728,12.086,3.324,6.815,6.628,6.608,8.454,7.983,9.483,7.34,7.259,10.753,10.814,11.928,8.607,6.933,4.767,10.842,7.068,-0.159,0.665,-1.042,-3.191,6.11,6.269,5.257,0.638,2.9755,3.467,2.1075,-1.2765,-3.733,-2.395,-5.173,-7.333,-5.631,-3.856,2.301,-0.853000000000001,-0.883,3.909,-2.207,-2.224,1.826,1.175,-0.643,-0.207000000000001,-2.404,-3.328,3.168,5.416,5.031,8.381,-4.7435,-0.868,-4.938,-1.44,6.1895,0.253,-3.064,5.85,3.22125,2.9475,-2.1165,-6.253,8.955,0.4155,-3.242,-2.3695,3.105,-2.80575,10.7835,8.733,6.7215,10.2675,7.2995,7.531,-0.516,-1.4335,0.8095,6.199,-3.549,14.2435,7.705,-2.6975,20.018,1.506,0.8515,5.7745,4.526,-5.452,15.372,3.4535,-1.263,-4.864,5.9175,1.09525,9.7105,8.371,7.541,9.378,-0.7945,18.8895,5.6835,-0.6005,-4.453,8.8875,2.5415,11.3405,7.6615,6.7115,4.5685,-0.93175,-4.6585,7.4025,1.818375,10.5255,8.01625,7.12625,6.952,-3.12325,17.13075
"39","TECH4041",8731,"3/8/19 9:51","Spring2019",34,0,"White",0,"Male","Weedeater","Cant Tell","Phone","Leafblower","Nearly the same","Pocket","Hand","Surface","Else","Backpack",75,"Silent","Vibration",3,1.4,"Low",0,4.066666667,"High",1,0.172,-0.699,-10.013,-5.27,15.608,15.662,10.976,15.092,15.152,15.594,7.617,11.865,-8.138,-8.967,-8.92,-6.021,10.907,9.673,13.276,10.258,2.855,2.698,4.344,3.143,-9.861,-10.915,-14.344,-11.007,8.079,6.177,2.759,6.669,4.571,3.735,-1.034,2.151,6.325,4.956,0.8625,4.41,7.782,6.241,4.008,7.003,-1.584,0.492,-0.0920000000000005,-5.605,-5.32,-4.483,0.445,0.584999999999999,2.946,1.489,2.369,-0.782,-3.729,-0.57,-4.571,-7.535,-4.632,-10.185,-0.546,-5.4625,0.762,-3.774,4.153,7.128,7.0115,-10.388,5.6405,0.5585,4.714,5.5055,-12.6755,2.63625,-3.5945,-2.414,-2.2875,-3.00425,2.7765,10.29,-8.5525,3.7435,11.767,-7.4705,0.967,1.477,1.082,15.373,15.635,-0.2635,9.741,13.034,-7.6415,-5.632,-2.601,-7.378,13.7295,15.377,-2.9845,2.943,6.423,6.622,-10.961,4.683,2.9205,9.9655,-7.494,11.3845,13.292,-4.9205,1.7685,5.419,5.895,-12.1025,3.59375,3.5995,12.0915,-8.529,2.35575,5.921,6.2585,-11.53175,4.138375,3.26,11.0285,-8.0115,12.557,14.3345,-3.9525
"40","TECH4043",8410,"3/13/19 9:41","Spring2019",19,1,"Non-White",0,"Male","Cant Tell","Cant Tell","Phone","Leafblower","Somwehwat similar","Hand","Pocket","Surface","Backpack","Else",60,"Vibration","Vibration",9,2.2,"High",1,4.533333333,"High",1,13.777,13.648,16.595,13.381,8.174,8.008,10.018,7.71,15.405,15.81,18.195,13.804,6.312,4.356,5.181,3.975,7.453,6.199,7.262,7.241,9.455,7.315,8.115,7.941,2.937,1.597,2.936,2.093,6.099,4.516,6.116,2.77,8.509,7.448,7.565,4.534,7.304,5.982,6.8405,3.652,4.533,2.758,5.599,0.986,-2.914,-1.746,0.496,-0.944,0.0169999999999995,-0.00099999999999989,0.625999999999999,1.042,-0.381,-1.34,-0.191000000000001,-1.131,-2.006,-0.297999999999999,-0.266999999999999,2.79,1.844,2.818,-2.33,-0.463500000000001,-1.772,1.066,7.9785,5.3075,3.6455,2.267,6.643,6.0495,4.443,3.2925,2.5145,5.24625,-1.929,-0.8645,0.2475,-1.39675,8.385,6.826,5.334,8.028,7.2515,4.578,-0.356999999999999,0.4255,-0.755999999999999,15.6075,8.091,13.7125,15.9995,8.864,14.988,0.392000000000001,0.773000000000001,1.2755,14.807,7.859,13.5145,5.991,3.643,1.872,1.845,4.817,7.628,6.72,4.1655,16.8,9.096,15.186,8.037,6.1075,5.066,2.9365,7.07225,8.785,7.3575,5.7465,7.014,4.87525,3.469,2.39075,5.944625,8.2065,7.03875,4.956,15.8035,8.4775,14.35025
"41","TECH4044",1845,"3/14/19 12:36","Spring2019",19,0,"White",0,"Male","Weedeater","Cant Tell","Phone","Leafblower","Somwehwat similar","Pocket","Hand","Surface","Backpack","Else",95,"Vibration","Vibration",50,1.733333333,"Low",0,4.133333333,"High",1,10.071,9.493,7.406,13.917,7.278,5.771,6.469,13.53,12.781,11.759,12.958,19.263,4.244,4.527,3.178,7.156,9.165,8.671,12.284,11.87,7.726,7.935,9.073,12.764,5.383,5.609,3.02,8.545,2.078,2.281,-0.264,1.063,6.72,5.72,0.041,5.116,4.399,4.0005,-0.1115,3.0895,1.817,1.886,-1.112,-0.092,-0.604,-1.218,2.936,-6.679,-2.342,-2.363,4.829,3.199,2.629,1.347,3.119,-1.066,7.504,7.759,4.424,0.177,-0.808999999999999,-2.665,-0.911,-4.5105,-1.978,-2.929,6.22,2.1795,1.8515,5.496,4.19975,2.5785,0.3995,-0.602,5.7825,1.489,-3.6415,-1.78,0.286499999999999,-2.71075,7.8305,8.918,4.3855,10.9185,12.077,5.167,3.088,3.159,0.781499999999999,12.27,6.5245,9.782,16.1105,9.9995,10.6615,3.8405,3.475,0.8795,15.511,9.6505,11.705,5.418,1.672,0.897,7.077,3.545,10.3495,10.2705,5.8415,12.8695,6.8735,8.7385,3.3805,0.907,0.3525,4.2015,2.14375,8.3995,10.7245,3.711,4.39925,1.2895,0.62475,5.63925,2.844375,9.3745,10.4975,4.77625,14.19025,8.262,10.22175
"42","TECH4045",9294,"4/1/19 9:54","Spring2019",19,0,"White",1,"Female","Weedeater","Phone","Phone","Leafblower","Somwehwat similar","Backpack","Pocket","Surface","Hand","Else",96,"Silent","Silent",3,2.266666667,"High",1,3.066666667,"Low",0,10.412,11.581,14.884,8.244,4.277,4.71,11.971,5.611,7.045,6.623,7.025,5.162,4.358,5.076,4.18,4.313,8.665,8.812,11.423,7.849,8.1,8.994,10.948,10.388,8.528,9.325,12.405,9.499,5.871,5.457,9.383,3.686,2.674,2.927,6.725,4.719,4.2725,4.192,8.054,4.2025,5.67,5.165,8.4,3.453,1.792,-1.771,0.174000000000001,4.051,3.512,3.877,1.394,-0.962999999999999,-0.763,2.848,2.758,-0.178,-1.461,0.901,-3.337,-0.0199999999999996,7.694,4.472,0.0104999999999995,3.7815,-1.712,2.73,2.8005,5.664,5.4175,8.9265,4.23225,5.722,6.5345,5.9265,10.952,6.12825,2.9215,0.8705,2.0255,1.896,8.547,8.7385,4.717,10.668,9.636,4.2465,2.121,0.897500000000001,-0.4705,6.834,4.4935,10.9965,6.0935,8.791,11.564,-0.740499999999999,4.2975,0.567499999999999,5.8925,5.1605,9.9125,3.823,4.5715,4.309,9.412,4.19725,9.691,8.3305,4.6945,7.035,8.124,12.648,4.6995,7.627,7.035,10.4665,6.16325,9.524,10.044,4.269,4.26125,6.09925,5.672,9.93925,5.18025,9.6075,9.18725,4.48175,6.46375,6.64225,11.28025
"43","TECH4046",8075,"4/3/19 9:49","Spring2019",19,0,"White",0,"Male","Weedeater","Phone","Phone","Cant Tell","Nearly the same","Pocket","Surface","Hand","Backpack","Else",95,"Silent","Silent",12,1.8,"Low",0,3.8,"High",1,NA,NA,NA,NA,NA,NA,NA,NA,NA,NA,NA,NA,NA,NA,NA,NA,NA,NA,NA,NA,NA,NA,NA,NA,NA,NA,NA,NA,NA,NA,NA,NA,NA,NA,NA,NA,NA,NA,NA,NA,NA,NA,NA,NA,NA,NA,NA,NA,NA,NA,NA,NA,NA,NA,NA,NA,NA,NA,NA,NA,NA,NA,NA,NA,NA,NA,NA,NA,NA,NA,NA,NA,NA,NA,NA,NA,NA,NA,NA,NA,NA,NA,NA,NA,NA,NA,NA,NA,NA,NA,NA,NA,NA,NA,NA,NA,NA,NA,NA,NA,NA,NA,NA,NA,NA,NA,NA,NA,NA,NA,NA,NA,NA,NA,NA,NA,NA,NA,NA,NA,NA,NA,NA,NA,NA,NA,NA,NA,NA,NA,NA
"44","TECH4047",8746,"4/4/19 10:19","Spring2019",20,0,"White",0,"Male","Weedeater","Cant Tell","Phone","Leafblower","Somwehwat similar","Pocket","Hand","Surface","Backpack","Else",86,"Vibration","Vibration",55,2.2,"High",1,2.933333333,"Low",0,7.7,6.477,2.331,4.428,6.47,4.401,0.491,4.935,10.685,9.519,4.731,8.747,1.093,-1.56,1.675,-0.358,6.811,3.938,7.741,8.326,4.987,2.629,7.957,6.415,-2.825,-3.911,-0.811,-3.297,3.602,2.012,-0.398,4.968,5.163,4.994,0.574,4.763,4.3825,3.503,0.088,4.8655,3.313,1.66,-0.557,5.415,-0.231,2.956,0.614,-4.589,-4,2.014,3.786,4.388,1.202,2.97,0.93,0.582,-0.772,0.534,-2.049,-5.954,-5.979,-5.369,1.3625,-4.2945,3.755,-3.87,5.0785,2.807,2.4865,-3.368,3.94275,2.6685,2.285,2.429,-2.054,2.47675,-2.41,-0.522,1.314,-1.466,3.808,5.3745,-0.2335,7.186,8.0335,0.6585,3.378,2.659,0.892,10.102,5.4355,7.0885,6.739,2.713,3.3795,-3.363,-2.7225,-3.709,9.133,4.668,5.4525,4.8785,3.49,3.5375,-3.604,4.18425,4.522,6.132,-0.959,7.708,3.4805,5.0155,2.8685,1.602,1.378,-1.818,2.23525,6.472,7.276,1.384,3.8735,2.546,2.45775,-2.711,3.20975,5.497,6.704,0.2125,8.4205,4.07425,5.234
"45","TECH4048",10413,"4/5/19 9:35","Spring2019",18,0,"White",1,"Female","Cant Tell","Cant Tell","Phone","Cant Tell","Not at all","Hand","Pocket","Surface","Backpack","Else",92,"Silent","Silent",80,2.4,"High",1,4.866666667,"High",1,7.67,7.22,10.221,16.354,6.349,8.371,12.473,10.131,11.036,11.244,15.526,19.564,5.426,5.776,8.907,10.464,11.839,12.28,13.545,10.785,11.987,12.664,14.577,15.009,-0.2,1.193,0.567,2.79,4.588,4.865,6.738,0.882,7.318,6.481,7.435,8.869,5.953,5.673,7.0865,4.8755,5.218,5.625,7.303,0.821,2.388,-3.983,1.597,0.117,2.15,0.767,2.345,-1.495,4.688,2.59,1.706,3.481,8.32,1.76,9.134,4.49,6.124,2.551,-0.7975,1.1335,-4.804,2.085,6.8995,4.7265,5.4215,0.4965,5.813,8.152,3.81,4.062,1.6785,5.981,1.2525,-0.9165,1.182,0.168,12.3255,12.0595,5.601,14.793,12.165,9.6855,2.4675,0.105499999999999,4.0845,11.14,7.36,7.445,17.545,11.302,13.2875,6.405,3.942,5.8425,15.404,9.251,11.787,7.675,2.8735,3.223,1.9915,5.27425,13.8365,11.5325,8.12,13.281,9.411,8.9455,7.3765,5.663,6.2605,0.1835,6.51975,13.282,12.692,7.1665,7.52575,4.26825,4.74175,1.0875,5.897,13.55925,12.11225,7.64325,14.3425,9.331,10.36625
"46","TECH4049",9374,"4/8/19 9:34","Spring2019",18,0,"White",1,"Female","Weedeater","Cant Tell","Phone","Cant Tell","Somwehwat similar","Hand","Pocket","Surface","Backpack","Else",82,"Vibration","Vibration",120,1.933333333,"Low",0,4.466666667,"High",1,NA,NA,NA,NA,NA,NA,NA,NA,NA,NA,NA,NA,NA,NA,NA,NA,NA,NA,NA,NA,NA,NA,NA,NA,NA,NA,NA,NA,NA,NA,NA,NA,NA,NA,NA,NA,NA,NA,NA,NA,NA,NA,NA,NA,NA,NA,NA,NA,NA,NA,NA,NA,NA,NA,NA,NA,NA,NA,NA,NA,NA,NA,NA,NA,NA,NA,NA,NA,NA,NA,NA,NA,NA,NA,NA,NA,NA,NA,NA,NA,NA,NA,NA,NA,NA,NA,NA,NA,NA,NA,NA,NA,NA,NA,NA,NA,NA,NA,NA,NA,NA,NA,NA,NA,NA,NA,NA,NA,NA,NA,NA,NA,NA,NA,NA,NA,NA,NA,NA,NA,NA,NA,NA,NA,NA,NA,NA,NA,NA,NA,NA
"47","TECH4050",8695,"4/10/19 9:41","Spring2019",24,0,"White",1,"Female","Cant Tell","Cant Tell","Phone","Leafblower","Somwehwat similar","Backpack","Hand","Pocket","Surface","Else",71,"Silent","Silent",26,1.466666667,"Low",0,5,"High",1,6.369,6.443,8.595,11.216,-0.901,0.861,3.24,3.694,3.664,4.619,7.655,9.393,-1.716,-0.645,1.326,-2.679,2.026,2.92,3.532,-2.329,-0.952,0.212,1.885,-5.384,-6.109,-5.685,-3.705,-8.923,-0.831,-0.024,0.496,-2.643,0.132,0.594,0.493,-3.426,-0.3495,0.285,0.4945,-3.0345,-0.861,-0.355,1.95,-2.526,-4.02,-2.619,-3.238,0.361,1.327,2.404,-5.596,-5.249,-2.034,2.837,1.506,3.042,4.774,2.833,4.773,3.991,4.141,2.226,-3.3195,0.844,-2.171,2.811,0.363,-0.4275,-0.608,-5.897,-0.03225,-1.4665,-1.0735,-0.288,-6.314,-1.27,-1.8295,-0.646,-0.417,-1.23775,-0.37,2.473,-1.1805,-1.7495,0.6015,-0.6765,-1.3795,-1.8715,0.504,4.1415,-0.02,6.406,8.524,3.467,9.9055,4.3825,3.487,3.4995,7.006,2.2775,8.8295,-1.416,-1.3335,-1.4405,-7.304,-1.37475,-2.586,0.2955,-1.662,5.6595,1.1695,7.482,0.3125,-0.1675,0.5445,-4.907,0.0725,0.4665,2.779,-0.195,-0.55175,-0.7505,-0.448,-6.1055,-0.651125,-1.05975,1.53725,-0.9285,6.33275,1.7235,8.15575
"48","TECH4051",1544,"4/11/19 12:34","Spring2019",19,0,"White",1,"Female","Cant Tell","Cant Tell","Phone","Leafblower","Somwehwat similar","Backpack","Pocket","Hand","Surface","Else",75,"Vibration","Vibration",181,2.4,"High",1,3.6,"High",1,NA,NA,NA,NA,NA,NA,NA,NA,NA,NA,NA,NA,NA,NA,NA,NA,NA,NA,NA,NA,NA,NA,NA,NA,NA,NA,NA,NA,NA,NA,NA,NA,NA,NA,NA,NA,NA,NA,NA,NA,NA,NA,NA,NA,NA,NA,NA,NA,NA,NA,NA,NA,NA,NA,NA,NA,NA,NA,NA,NA,NA,NA,NA,NA,NA,NA,NA,NA,NA,NA,NA,NA,NA,NA,NA,NA,NA,NA,NA,NA,NA,NA,NA,NA,NA,NA,NA,NA,NA,NA,NA,NA,NA,NA,NA,NA,NA,NA,NA,NA,NA,NA,NA,NA,NA,NA,NA,NA,NA,NA,NA,NA,NA,NA,NA,NA,NA,NA,NA,NA,NA,NA,NA,NA,NA,NA,NA,NA,NA,NA,NA
"49","TECH4052",8613,"4/12/19 9:45","Spring2019",19,0,"White",0,"Male","Weedeater","Phone","Phone","Leafblower","Nearly the same","Hand","Surface","Pocket","Else","Backpack",75,"Vibration","Vibration",25,1.533333333,"Low",0,3.6,"High",1,11.531,12.194,14.914,14.478,3.745,5.37,8.224,6.935,9.674,10.265,12.732,13.921,5.429,4.243,4.859,5.498,4.809,5.264,4.592,5.433,6.453,5.813,6.328,7.058,3.97,3.225,3.583,4.928,4.247,3.892,2.55,2.792,7.403,6.074,4.536,6.682,5.825,4.983,3.543,4.737,4.553,4.333,3.663,3.76,0.608000000000001,-1.1,1.703,-2.867,-1.697,-0.387,1.245,0.169,1.255,-0.125,-0.217000000000001,-0.57,3.656,1.565,2.284,3.058,4.479,3.383,-0.246,-2.282,-0.573,-0.89,6.7385,4.0695,4.443,3.5975,5.404,5.609,2.671,3.7115,4.2555,4.14,-1.1295,-1.3985,0.657999999999999,-1.264,6.133,5.0365,4.836,6.693,5.0125,5.1785,0.56,-0.0240000000000009,0.342499999999999,9.9695,4.5575,11.8625,13.3265,7.5795,14.696,3.357,3.022,2.8335,12.093,6.1525,13.336,6.378,3.342,4.0465,4.0765,4.86,6.4355,5.3485,4.8705,11.203,5.9845,13.2225,5.9695,3.3985,4.108,3.7765,4.684,6.3905,4.7005,5.144,6.17375,3.37025,4.07725,3.9265,4.772,6.413,5.0245,5.00725,11.648,6.0685,13.27925
"50","TECH4053",8396,"4/15/19 9:45","Spring2019",20,0,"White",1,"Female","Weedeater","Cant Tell","Phone","Leafblower","Not at all","Hand","Pocket","Backpack","Surface","Else",80,"Other","Vibration",250,1.533333333,"Low",0,3,"Low",0,12.815,15.394,18.365,21.057,5.68,8.734,12.036,14.586,10.437,13.896,13.979,19.671,8.074,9.475,8.397,8.024,10.186,11.576,10.677,13.533,12.656,14.373,10.768,13.873,13.497,14.696,13.92,14.619,3.716,5.121,3.457,6.288,10.639,12.299,6.949,11.008,7.1775,8.71,5.203,8.648,2.875,4.312,2.175,5.44,-1.291,1.167,-0.077,-3.69,-0.259,0.423,-0.5,1.957,-1.451,-1.888,0.491,0.323,5.775,5.852,5.663,3.542,6.356,5.55,-0.0620000000000012,-1.9745,1.128,-0.7,11.469,4.4185,3.5935,14.0965,7.94375,8.9785,4.8725,3.8075,14.2695,6.9255,-2.4905,0.454000000000001,0.173000000000002,-1.01825,13.5145,10.881,8.7745,12.3205,12.105,8.2105,-1.194,1.224,-0.564,12.1665,7.207,14.1045,16.825,13.311,19.711,4.6585,6.104,5.6065,16.7835,11.66,18.2255,11.6535,5.7045,4.876,14.6575,8.679,14.123,12.5545,8.7495,12.208,8.858,15.59,8.794,3.5865,2.525,13.7085,6.19025,11.712,10.4315,8.2355,10.22375,4.6455,3.7005,14.183,7.434625,12.9175,11.493,8.4925,14.49575,10.259,16.90775
"51","TECH4054",8203,"4/17/19 9:52","Spring2019",19,0,"White",1,"Female","Weedeater","Phone","Phone","Leafblower","Not at all","Hand","Pocket","Surface","Backpack","Else",100,"Vibration","Vibration",60,2.466666667,"High",1,3.4,"Low",0,10.04,10.44,8.04,9.896,4.704,6.538,3.203,-2.05,9.488,10.768,9.392,8.86,6.492,5.847,3.998,5.254,7.397,8.31,3.075,10.298,9.412,8.439,5.066,11.303,5.491,3.572,-0.106,4.117,-0.57,0.501,-4.192,-3.899,4.567,3.594,-1.733,-0.173,1.9985,2.0475,-2.9625,-2.036,-0.93,0.246,-3.074,-2.802,-3.767,-4.4,0.545,-6.3,-3.622,-5.597,2.864,1.988,-0.593000000000001,-4.346,-4.322,-2.494,-1.908,-8.588,-0.543999999999999,-0.0960000000000001,-1.501,-2,-4.0835,-4.961,-3.048,-2.144,4.0805,-0.0345,-0.342,4.5315,2.023,-0.953,-4.0455,-2.938,2.0055,-2.49925,-5.0335,-4.011,-2.526,-4.52225,8.9255,7.8535,6.1695,8.1845,6.6865,4.626,-0.741,-1.167,-1.5435,10.128,5.621,10.24,9.126,0.5765,8.968,-1.002,-5.0445,-1.272,9.814,2.244,10.168,1.7105,-1.699,-1.278,3.8445,0.00574999999999992,9.871,9.304,5.5505,9.44,3.9535,9.04,1.417,-2.381,-2.002,2.6925,-0.482,7.239,5.236,5.245,1.56375,-2.04,-1.64,3.2685,-0.238125,8.555,7.27,5.39775,9.627,3.09875,9.604
"52","TECH4055",7948,"4/19/19 9:59","Spring2019",20,0,"White",0,"Male","Weedeater","Cant Tell","Phone","Cant Tell","Somwehwat similar","Hand","Pocket","Surface","Else","Backpack",96,"Vibration","Vibration",43,2.333333333,"High",1,3.533333333,"High",0,6.309,5.442,5.736,2.82,-1.521,-1.601,2.247,-5.137,3.593,3.69,5.957,1.757,1.16,-1.194,-0.134,2.954,3.752,2.572,4.363,4.34,3.979,1.883,4.864,4.402,4.656,3.311,0.299,2.475,-0.16,0.073,-0.005,-3.114,3.373,2.297,0.891,-0.442,1.6065,1.185,0.443,-1.778,-0.582,0.262,0.305,-3.327,-2.739,-3.187,-0.836,-2.482,0.155,-4.357,2.519,1.768,4.148,0.885,0.611000000000001,-1.294,-1.933,-3.536,-2.622,2.364,3.768,-0.573,-2.963,-1.1635,-3.589,0.887,2.835,-0.0435,-0.16,3.9835,1.39575,0.2245,-1.5595,-1.511,1.387,-0.6675,-2.6105,-1.516,-2.5965,-2.06325,2.931,3.162,-0.017,4.633,4.3515,1.41,1.702,1.1895,1.427,3.6415,-1.561,5.8755,3.857,-1.445,4.278,0.2155,0.116,-1.5975,2.7235,-3.369,4.131,0.9275,-1.5205,-1.5325,2.893,-0.2965,3.1425,3.456,0.88,4.775,0.363,6.0225,2.132,-0.0825,-0.1385,2.4775,1.02475,4.4215,4.0575,0.513,1.52975,-0.8015,-0.8355,2.68525,0.364125,3.782,3.75675,0.6965,3.74925,-1.503,5.07675
"53","TECH4056",8446,"4/22/19 9:45","Spring2019",20,0,"White",1,"Female","Weedeater","Cant Tell","Phone","Leafblower","Somwehwat similar","Backpack","Pocket","Surface","Hand","Else",86,"Silent","Silent",30,1.6,"Low",0,4.2,"High",1,12.254,12.206,18.318,18.523,5.911,5.116,7.051,8.176,12.57,12.648,18.907,18.87,4.192,5.147,4.756,4.347,10.66,10.105,9.615,8.423,12.69,12.815,11.848,12.826,7.649,7.748,10.347,10.228,6.572,5.723,4.659,6.006,9.004,8.536,10.407,10.169,7.788,7.1295,7.533,8.0875,5.331,5.322,4.573,5.952,1.633,0.283,2.48,1.403,-1.913,2.698,0.011000000000001,-1.682,-0.8,-0.841999999999999,-1.045,0.564,6.222,3.06,6.317,6.337,1.14,6.064,0.958,-0.255,0.63,-0.758,8.77,6.1475,5.3265,7.6985,7.45875,10.288,5.3325,5.2625,10.2875,7.81025,1.518,-0.815,2.589,0.3515,12.7525,10.3825,4.6695,12.337,9.019,4.5515,-0.4155,-1.3635,-0.117999999999999,12.609,5.5135,12.23,18.8885,7.6135,18.4205,6.2795,2.1,6.1905,15.759,6.646,15.3645,9.3525,5.8645,5.637,8.988,7.6085,12.8205,9.264,4.747,15.7385,6.481,15.286,9.7055,5.6155,4.952,8.998,7.6605,12.269,10.1375,4.474,9.529,5.74,5.2945,8.993,7.6345,12.54475,9.70075,4.6105,15.74875,6.5635,15.32525
"54","TECH4057",9169,"4/24/19 9:46","Spring2019",22,1,"Non-White",1,"Female","Cant Tell","Cant Tell","Phone","Leafblower","Nearly the same","Hand","Pocket","Surface","Backpack","Else",81,"Silent","Vibration",250,2.133333333,"High",1,4.2,"High",1,13.925,12.397,15.681,18.673,11.119,9.918,12.907,16.188,13.941,12.388,14.733,17.561,5.691,6.163,6.569,8.513,6.073,6.541,4.624,10.178,5.612,6.34,4.78,10.266,4.707,4.844,3.875,10.105,5.375,5.656,1.838,8.043,7.24,6.88,2.955,8.719,6.3075,6.268,2.3965,8.381,5.75,5.909,5.072,6.592,1.839,2.387,5.261,-4.285,-3.537,-0.832,3.926,3.637,2.35,-0.832,-1.449,0.878,5.173,6.27,6.276,0.792,1.788,1.756,2.113,-3.911,0.683,-0.678,7.06,5.5155,5.8295,4.7755,6.28775,5.837,4.9405,5.832,6.99,5.38875,-1.223,-0.574999999999999,2.2145,-0.899,5.976,6.307,5.927,7.523,7.401,7.541,1.547,1.094,1.614,13.1645,10.5185,13.161,16.147,14.5475,17.177,2.9825,4.029,4.016,14.9745,13.053,15.535,7.7995,6.8495,6.2505,7.4745,7.3245,8.303,8.3595,7.338,14.337,12.013,14.803,5.0975,3.6065,5.411,4.291,4.352,5.196,5.3485,6.13,6.4485,5.228,5.83075,5.88275,5.83825,6.7495,6.854,6.734,14.65575,12.533,15.169
"55","TECH4058",1800,"4/25/19 12:39","Spring2019",19,0,"White",1,"Female","Cant Tell","Cant Tell","Cant Tell","Cant Tell","Somwehwat similar","Else","Backpack","Hand","Pocket","Surface",10,"Silent","Silent",15,1.666666667,"Low",0,3.866666667,"High",1,22.957,23.253,31.255,27.972,13.868,13.847,23.509,20.366,23.526,23.326,33.897,30.749,5.635,4.685,3.688,5.044,9.702,10.233,11.414,8.4,10.177,9.768,10.916,9.8,8.636,8.614,8.666,7.766,8.406,8.296,10.817,9.103,13.429,12.997,14.382,12.456,10.9175,10.6465,12.5995,10.7795,8.748,8.753,9.889,8.488,-0.541,0.807,-0.848000000000001,0.952999999999999,2.411,0.0300000000000011,0.032,-1.833,0.359,0.739000000000001,1.712,-1.947,7.423,6.519,4.719,10.371,9.641,8.298,0.133000000000001,1.682,-0.265000000000001,1.141,13.213,8.351,8.7505,8.625,10.782,13.419,9.96,9.1885,8.216,11.6895,0.206,1.609,-0.408999999999999,0.907500000000001,9.9725,9.9675,5.16,10.358,9.907,4.366,0.3855,-0.0605000000000011,-0.794,23.426,13.8575,23.105,32.323,21.9375,29.6135,8.897,8.08,6.5085,27.0375,17.1065,25.6125,12.7265,8.6995,8.6205,8.19,10.713,9.784,9.3165,4.8645,28.7115,18.6885,27.106,13.9055,9.6115,9.3185,8.651,11.7585,10.5465,10.558,4.6615,13.316,9.1555,8.9695,8.4205,11.23575,10.16525,9.93725,4.763,27.8745,17.8975,26.35925
"56","TECH4059",8439,"4/26/19 9:50","Spring2019",18,1,"Non-White",1,"Female","Cant Tell","Cant Tell","Phone","Leafblower","Nearly the same","Pocket","Hand","Surface","Backpack","Else",85,"Vibration","Vibration",101,2.2,"High",1,3.266666667,"Low",0,NA,NA,NA,NA,NA,NA,NA,NA,NA,NA,NA,NA,NA,NA,NA,NA,NA,NA,NA,NA,NA,NA,NA,NA,NA,NA,NA,NA,NA,NA,NA,NA,NA,NA,NA,NA,NA,NA,NA,NA,NA,NA,NA,NA,NA,NA,NA,NA,NA,NA,NA,NA,NA,NA,NA,NA,NA,NA,NA,NA,NA,NA,NA,NA,NA,NA,NA,NA,NA,NA,NA,NA,NA,NA,NA,NA,NA,NA,NA,NA,NA,NA,NA,NA,NA,NA,NA,NA,NA,NA,NA,NA,NA,NA,NA,NA,NA,NA,NA,NA,NA,NA,NA,NA,NA,NA,NA,NA,NA,NA,NA,NA,NA,NA,NA,NA,NA,NA,NA,NA,NA,NA,NA,NA,NA,NA,NA,NA,NA,NA,NA
"57","TECH4060",7942,"4/29/19 9:54","Spring2019",19,0,"White",0,"Male","Cant Tell","Cant Tell","Cant Tell","Cant Tell","Not at all","Pocket","Hand","Backpack","Else","Surface",90,"Vibration","Vibration",20,2.333333333,"High",1,3,"Low",0,10.455,6.302,12.35,10.327,1.685,-1.452,1.045,5.048,5.791,2.794,7.237,7.38,4.603,1.406,3.194,3.692,2.148,0.107,-2.136,1.882,3.028,0.646,-1.469,3.179,5.046,2.55,2.926,3.925,1.894,-0.271,-0.84,2.301,4.482,2.54,2.579,3.488,3.188,1.1345,0.8695,2.8945,1.22,0.915,-4.028,0.426,0.948,2.572,1.375,-1.903,-2.734,-2.12,2.533,1.775,2.286,-4.497,-4.284,-1.409,4.586,6.5,4.025,1.446,-0.64,1.895,1.76,-2.3185,-0.489,-5.248,3.511,0.8115,1.0675,3.798,2.16125,3.0335,0.7305,-1.801,3.4255,1.882,-0.4775,-0.0809999999999997,-0.3725,-0.27925,1.837,1.1275,3.0045,0.855,-0.127,3.443,-0.982,-1.2545,0.4385,4.2925,0.1165,8.3785,7.3085,3.0465,11.3385,3.016,2.93,2.96,5.087,1.798,8.3145,3.014,1.015,0.6705,3.2375,2.0145,1.9125,0.9945,2.549,6.514,1.365,11.4025,3.5305,0.527,-1.404,3.986,2.02875,0.7795,0.00600000000000001,3.8985,3.27225,0.771,-0.36675,3.61175,2.021625,1.346,0.50025,3.22375,5.8005,1.5815,9.8585
"58","TECH4061",8684,"5/1/19 9:42","Spring2019",20,0,"White",1,"Female","Cant Tell","Cant Tell","Phone","Leafblower","Somwehwat similar","Surface","Pocket","Hand","Backpack","Else",71,"Vibration","Vibration",50,2.2,"High",1,2.666666667,"Low",0,11.66,9.917,16.141,19.791,7.698,7.4,15.846,17.953,12.508,12.448,22.247,24.759,10.275,8.765,9.773,9.831,10.789,9.447,11.986,12.582,11.455,9.355,10.959,12.523,10.418,6.903,6.776,10.766,4.814,3.626,5.316,8.339,10.028,9.203,9.879,14.309,7.421,6.4145,7.5975,11.324,5.333,3.907,6.766,8.884,5.106,4.713,3.863,-0.149000000000001,0.502,-3.642,3.168,3.135,1.066,-0.496,1.197,-0.502000000000001,12.311,10.553,9.874,9.739,8.148,4.481,4.9095,0.1765,4.977,1.433,9.6155,4.22,4.62,8.6605,6.91775,12.094,6.8275,7.825,8.771,9.46075,2.4785,2.6075,0.110500000000002,2.543,10.405,10.118,9.52,11.741,12.284,9.802,1.336,2.166,0.282,12.478,7.549,10.7885,23.503,16.8995,17.966,11.025,9.3505,7.1775,18.6035,12.6765,14.854,11.756,5.9825,6.3955,8.8345,8.86925,10.939,11.0145,9.298,17.3775,11.772,13.9005,9.9535,5.065,6.0495,8.597,7.50925,11.207,11.3875,10.024,10.85475,5.52375,6.2225,8.71575,8.18925,11.073,11.201,9.661,17.9905,12.22425,14.37725
"59","TECH4062",1052,"5/2/19 12:33","Spring2019",18,0,"White",1,"Female","Cant Tell","Cant Tell","Phone","Leafblower","Somwehwat similar","Backpack","Pocket","Surface","Hand","Else",47,"Vibration","Vibration",19,2.2,"High",1,3.333333333,"Low",0,7.877,9.454,13.181,12.401,-2.883,0.534,2.835,1.844,4.377,7.295,11.474,10.008,2.548,3.931,4.693,2.703,4.258,7.321,4.979,3.005,2.787,4.978,4.152,1.759,-1.183,1.169,-3.572,-1.66,-2.014,1.383,-2.773,-2.078,-0.908,2.239,2.23,-0.992,-1.461,1.811,-0.2715,-1.535,-1.955,1.319,-2.665,-2.341,-3.231,-3.461,-2.829,3.138,-0.759,-2.389,-3.219,-4.316,-1.228,1.365,0.721,2.145,2.713,1.31,2.947,7.097,5.718,5.304,-3.346,1.1895,-3.66,-0.71,0.6655,-0.3155,-0.318,-0.00700000000000001,0.175,0.619,-2.4255,-2.503,-2.616,-0.90325,-0.0465,-2.11,-2.609,-1.07825,3.8825,5.7895,3.2395,2.9555,3.992,3.698,-0.927,-1.7975,0.458499999999999,5.836,-1.1745,8.6655,10.741,2.3395,12.791,4.905,3.514,4.1255,8.6515,1.189,10.9275,0.6235,-0.3475,-0.511,-0.2455,0.138,3.3685,5.163,3.317,7.9255,-0.024,10.529,0.661,-2.3935,-2.31,-2.3775,-0.86625,3.4695,4.6185,3.6205,0.64225,-1.3705,-1.4105,-1.3115,-0.364125,3.419,4.89075,3.46875,8.2885,0.5825,10.72825
"60","TECH4063",12153,"10/28/19 10:28","Fall2019",18,0,"White",1,"Female","Weedeater","Phone","Phone","Leafblower","Somwehwat similar","Pocket","Hand","Surface","Backpack","Else",87,"Vibration","Vibration",96,2,"High",1,3.2,"Low",0,5.708,5.094,5.12,4.551,2.186,1.93,3.194,-6.948,9.459,8.276,10.22,4.29,6.363,5.878,6.925,3.975,6.137,6.791,8.633,1.097,2.787,4.978,4.152,1.759,4.998,5.457,6.964,3.04,1.045,1.293,3.309,-3.033,7.522,6.726,8.123,3.498,4.2835,4.0095,5.716,0.2325,1.042,1.481,3.474,-1.545,-3.228,-4.326,-2.417,0.600999999999999,2.264,1.966,-3.219,-5.694,-1.903,1.365,2.496,0.561999999999999,-3.986,-8.878,-0.543,0.761000000000001,1.008,-0.588,-3.777,1.4325,-3.026,2.432,7.124,1.169,1.2615,5.2275,4.1465,5.8105,0.138,0.9645,5.002,2.97425,-1.3135,-1.031,-0.225499999999999,-1.17225,3.8825,6.464,6.1205,2.9555,4.865,5.45,-0.927,-1.599,-0.6705,8.8675,2.058,5.401,7.255,-1.877,4.8355,-1.6125,-3.935,-0.5655,6.283,-2.509,4.8225,5.112,-0.87,-0.0319999999999999,4.2485,2.121,3.3685,3.944,4.9265,9.8395,2.69,5.414,7.8225,2.177,2.258,5.981,4.99975,3.4695,7.385,6.644,6.46725,0.6535,1.113,5.11475,3.560375,3.419,5.6645,5.78525,8.06125,0.0904999999999998,5.11825
"61","TECH4064",10182,"10/29/19 7:44","Fall2019",19,0,"White",1,"Female","Cant Tell","Cant Tell","Phone","Leafblower","Somwehwat similar","Surface","Pocket","Hand","Backpack","Else",80,"Silent","Silent",48,1.93,"Low",0,3.47,"Low",0,NA,NA,NA,NA,NA,NA,NA,NA,NA,NA,NA,NA,NA,NA,NA,NA,NA,NA,NA,NA,NA,NA,NA,NA,NA,NA,NA,NA,NA,NA,NA,NA,NA,NA,NA,NA,NA,NA,NA,NA,NA,NA,NA,NA,NA,NA,NA,NA,NA,NA,NA,NA,NA,NA,NA,NA,NA,NA,NA,NA,NA,NA,NA,NA,NA,NA,NA,NA,NA,NA,NA,NA,NA,NA,NA,NA,NA,NA,NA,NA,NA,NA,NA,NA,NA,NA,NA,NA,NA,NA,NA,NA,NA,NA,NA,NA,NA,NA,NA,NA,NA,NA,NA,NA,NA,NA,NA,NA,NA,NA,NA,NA,NA,NA,NA,NA,NA,NA,NA,NA,NA,NA,NA,NA,NA,NA,NA,NA,NA,NA,NA
"62","TECH4065",12537,"10/29/19 10:38","Fall2019",18,1,"Non-White",1,"Female","Weedeater","Cant Tell","Phone","Leafblower","Somwehwat similar","Surface","Pocket","Hand","Backpack","Else",74,"Vibration","Vibration",35,1.53,"Low",0,3.07,"Low",0,16.813,17.538,18.609,21.934,9.238,8.849,15.669,14.485,16.941,16.614,25.775,24.12,7.4,6.932,5.08,7.81,14.591,12.956,12.569,15.644,6.894,6.893,9.461,2.557,7.679,8.744,9.246,10.781,4.837,3.46,5.88,6.895,7.364,6.805,8.708,8.322,6.1005,5.1325,7.294,7.6085,4.655,4.567,4.116,5.4,1.517,3.435,2.037,1.344,1.043,1.567,-4.336,2.688,0.877999999999999,2.567,-2.022,-2.32,7.506,5.636,4.396,8.834,6.431,1.796,2.476,1.1935,0.833,-0.539000000000001,7.0845,4.1485,4.611,8.2115,5.6165,8.515,6.3875,4.758,10.0135,7.45125,1.4305,2.239,1.802,1.83475,6.8935,13.7735,7.166,6.009,14.1065,6.445,-0.884499999999999,0.333000000000002,-0.721,16.7775,9.0435,17.1755,24.9475,15.077,20.2715,8.17,6.0335,3.096,20.367,11.667,19.736,7.5635,5.1775,4.9835,9.7625,6.3705,4.725,14.3,7.371,21.358,12.4535,17.711,8.036,5.3585,4.3855,8.4625,6.69725,8.1775,13.58,6.24,7.79975,5.268,4.6845,9.1125,6.533875,6.45125,13.94,6.8055,20.8625,12.06025,18.7235
"63","TECH4066",9459,"10/30/19 11:13","Fall2019",21,0,"White",0,"Male","Weedeater","Cant Tell","Phone","Leafblower","Somwehwat similar","Pocket","Surface","Hand","Backpack","Else",60,"Silent","Silent",10,1.4,"Low",0,4.67,"High",1,4.34,6.148,2.481,3.483,11.915,15.074,9.716,12.658,14.545,17.285,15.06,16.474,0.813,0.068,1.736,0.657,14.725,13.953,12.444,14.283,13.297,12.679,11.776,12.994,-0.621,0.246,-2.055,-1.998,5.216,5.067,-1.529,2.141,8.391,8.417,4.092,6.304,6.8035,6.742,1.2815,4.2225,6.19,5.337,1.472,1.585,-2.113,-2.926,-2.244,-4.299,-6.745,-1.434,0.315,0.33,0.589,-1.521,-2.281,0.923,-0.811,-2.416,-2.665,0.515000000000001,-2.199,-1.859,-2.5195,-5.522,-3.752,-4.718,8.404,5.1415,5.7635,-0.1875,6.77275,5.198,0.306,1.5285,-2.0265,2.752,-3.206,-4.8355,-1.839,-4.02075,12.988,14.339,0.4405,12.385,13.3635,1.1965,-0.603,-0.975499999999998,0.756,15.915,13.4945,5.244,15.767,11.187,2.982,-0.148,-2.3075,-2.262,16.8795,13.866,4.8155,7.3605,3.604,3.461,-0.876,5.48225,12.8365,14.118,0.3625,14.8025,10.8155,3.4105,6.2415,1.8435,3.831,-1.338,4.0425,12.5365,13.5845,1.2745,6.801,2.72375,3.646,-1.107,4.762375,12.6865,13.85125,0.8185,15.841,12.34075,4.113
"64","TECH4067",808,"10/31/19 10:07","Fall2019",19,0,"White",1,"Female","Cant Tell","Cant Tell","Phone","Cant Tell","Somwehwat similar","Hand","Pocket","Surface","Backpack","Else",80,"Vibration","Vibration",250,1.73,"Low",0,3.73,"High",1,NA,NA,NA,NA,NA,NA,NA,NA,NA,NA,NA,NA,NA,NA,NA,NA,NA,NA,NA,NA,NA,NA,NA,NA,NA,NA,NA,NA,NA,NA,NA,NA,NA,NA,NA,NA,NA,NA,NA,NA,NA,NA,NA,NA,NA,NA,NA,NA,NA,NA,NA,NA,NA,NA,NA,NA,NA,NA,NA,NA,NA,NA,NA,NA,NA,NA,NA,NA,NA,NA,NA,NA,NA,NA,NA,NA,NA,NA,NA,NA,NA,NA,NA,NA,NA,NA,NA,NA,NA,NA,NA,NA,NA,NA,NA,NA,NA,NA,NA,NA,NA,NA,NA,NA,NA,NA,NA,NA,NA,NA,NA,NA,NA,NA,NA,NA,NA,NA,NA,NA,NA,NA,NA,NA,NA,NA,NA,NA,NA,NA,NA
"65","TECH4068",12695,"10/31/19 10:22","Fall2019",18,0,"White",1,"Female","Cant Tell","Phone","Phone","Cant Tell","Somwehwat similar","Surface","Hand","Pocket","Backpack","Else",90,"Vibration","Vibration",10,2.27,"High",1,3.67,"High",1,12.597,11.015,11.263,12.423,8.808,5.83,9.243,13.006,15.165,13.862,16.554,19.283,6.58,5.935,5.47,3.508,11.47,9.318,8.534,11.365,12.733,11.423,10.65,12.703,5.876,4.616,4.028,3.619,5.55,2.07,7.646,4.957,7.267,5.792,6.229,4.219,6.4085,3.931,6.9375,4.588,4.591,1.256,7.633,3.757,-1.573,2.887,-0.996999999999999,-1.038,2.096,-1.848,1.28,2.047,-2.427,-2.083,-2.936,-1.11,5.421,7.176,1.408,1.389,0.435,-1.334,0.657,0.529,2.501,3.042,6.5295,3.81,2.9235,5.246,5.16975,5.224,6.3015,5.695,3.8235,5.76275,-1.3055,2.4915,-1.4225,0.593,12.078,10.394,6.2575,11.6765,9.9495,4.489,-0.401499999999999,-0.4445,-1.7685,14.5135,7.319,11.806,17.9185,11.1245,11.843,3.405,3.8055,0.036999999999999,16.5725,9.418,11.719,5.0055,3.5135,2.5065,4.1175,4.2595,12.063,10.3415,4.7215,15.8595,9.0255,11.93,6.748,6.598,6.112,4.952,6.673,11.6915,10.002,6.025,5.87675,5.05575,4.30925,4.53475,5.46625,11.87725,10.17175,5.37325,16.216,9.22175,11.8245
"66","TECH4069",10271,"10/31/19 13:54","Fall2019",19,0,"White",0,"Male","Cant Tell","Cant Tell","Phone","Cant Tell","Somwehwat similar","Hand","Pocket","Surface","Backpack","Else",90,"Silent","Silent",10,1.93,"Low",0,3.8,"High",1,15.577,15.425,15.034,13.514,5.776,5.376,6.877,3.89,12.779,12.299,10.827,8.751,6.076,6.213,7.948,2.898,8.038,7.473,8.665,4.568,10.686,9.737,9.051,9.189,8.661,7.817,8.716,7.177,4.346,4.731,5.452,4.594,6.098,5.983,6.975,7.441,5.222,5.357,6.2135,6.0175,3.372,3.626,2.3,3.566,1.458,-0.137,-0.640000000000001,0.877,1.106,0.0549999999999997,-0.548,-2.905,-3.315,-1.635,0.626999999999999,1.872,-3.548,-1.486,-1.911,-1.952,1.101,-0.542999999999999,0.6605,0.991499999999999,-0.0600000000000001,-1.072,6.0405,4.5385,3.499,8.239,5.2895,7.208,5.023,2.933,7.9465,6.1155,1.1675,0.4845,-0.292500000000001,0.826,10.2115,7.7555,6.1445,9.12,6.6165,5.423,-1.0915,-1.139,-0.7215,12.539,5.576,15.501,9.789,5.3835,14.274,-2.75,-0.192500000000001,-1.227,10.525,4.633,14.4695,6.712,4.6625,3.596,7.497,5.68725,9.463,6.0205,4.5555,11.803,6.3265,15.3055,6.5365,4.899,2.836,8.6885,5.71775,9.8685,8.3515,7.012,6.62425,4.78075,3.216,8.09275,5.7025,9.66575,7.186,5.78375,11.164,5.47975,14.8875
"67","TECH4070",10279,"11/1/19 7:43","Fall2019",20,0,"White",1,"Female","Cant Tell","Cant Tell","Phone","Leafblower","Somwehwat similar","Pocket","Surface","Backpack","Hand","Else",95,"Silent","Silent",33,1.6,"Low",0,3.4,"Low",0,15.22,15.97,18.324,15.348,1.494,3.506,7.681,-1.772,7.749,10.066,13.861,5.979,4.507,3.645,3.254,4.016,5.681,5.379,5.746,3.48,12.237,11.167,11.177,8.423,10.077,7.95,5.71,6.666,2.944,3.766,6.492,1.384,6.26,5.884,6.663,3.514,4.602,4.825,6.5775,2.449,3.55,5.38,7.28,2.555,-2.37,-2.382,-1.284,0.403,3.548,-4.367,-2.744,-1.899,0.371,-1.06,0.0650000000000004,-1.253,-4.087,-5.278,-0.622,6.112,6.187,3.104,-2.376,1.9755,-2.825,3.73,6.072,3.355,4.465,9.0135,4.7135,5.0885,3.938,4.9175,6.188,4.51325,-0.9835,0.583,-2.8255,-0.20025,11.702,5.53,4.076,9.8,4.613,3.635,-1.902,-0.916999999999999,-0.441,8.9075,2.5,15.595,9.92,2.9545,16.836,1.0125,0.4545,1.241,8.0225,0.867,15.659,4.699,2.575,3.9675,7.308,3.637,9.795,4.4295,3.8305,10.805,4.5875,16.772,6.4615,4.718,5.415,7.8935,5.58975,11.707,5.7135,3.8805,5.58025,3.6465,4.69125,7.60075,4.613375,10.751,5.0715,3.8555,9.41375,2.72725,16.2155
"68","TECH4071",11287,"11/1/19 10:36","Fall2019",20,0,"White",1,"Female","Cant Tell","Cant Tell","Phone","Leafblower","Not at all","Pocket","Hand","Surface","Backpack","Else",50,"Vibration","Vibration",50,1.67,"Low",0,3.67,"High",1,17.322,15.472,19.368,16.619,14.624,11.863,19.439,16.064,19.261,17.186,26.173,21.56,5.977,5.689,7.419,7.082,12.316,11.207,15.753,11.694,6.035,5.504,4.957,5.948,14.076,12.779,15.141,13.042,9.333,7.457,9.428,5.341,10.081,8.076,11.797,7.311,9.707,7.7665,10.6125,6.326,10.534,7.471,12.66,6.215,-0.765000000000001,-2.116,0.263,1.716,0.0950000000000006,1.065,0.444000000000001,0.487,1.393,-1.078,3.437,1.442,4.374,4.201,1.147,6.912,4.815,2.046,-1.4405,0.9055,-1.256,2.126,9.0785,8.395,9.0025,13.4275,8.73675,9.554,7.3845,9.4375,14.0915,8.46925,0.4755,-1.0105,0.664,-0.2675,5.7695,11.7615,5.833,5.4525,13.7235,7.2505,-0.316999999999999,1.962,1.4175,18.2235,13.2435,16.397,23.8665,17.7515,17.9935,5.643,4.508,1.5965,19.373,13.9635,16.0455,7.6935,6.399,6.843,12.9105,7.04625,5.726,11.4505,6.3855,22.717,17.0315,18.345,10.939,9.3805,11.597,14.6085,10.15975,5.496,14.0345,6.698,9.31625,7.88975,9.22,13.7595,8.603,5.611,12.7425,6.54175,21.045,15.4975,17.19525
"69","TECH4072",11493,"11/1/19 13:45","Fall2019",19,1,"Non-White",0,"Male","Weedeater","Cant Tell","Phone","Leafblower","Somwehwat similar","Pocket","Hand","Surface","Backpack","Else",100,"Silent","Silent",0,1.27,"Low",0,3,"Low",0,NA,NA,NA,NA,NA,NA,NA,NA,NA,NA,NA,NA,NA,NA,NA,NA,NA,NA,NA,NA,NA,NA,NA,NA,NA,NA,NA,NA,NA,NA,NA,NA,NA,NA,NA,NA,NA,NA,NA,NA,NA,NA,NA,NA,NA,NA,NA,NA,NA,NA,NA,NA,NA,NA,NA,NA,NA,NA,NA,NA,NA,NA,NA,NA,NA,NA,NA,NA,NA,NA,NA,NA,NA,NA,NA,NA,NA,NA,NA,NA,NA,NA,NA,NA,NA,NA,NA,NA,NA,NA,NA,NA,NA,NA,NA,NA,NA,NA,NA,NA,NA,NA,NA,NA,NA,NA,NA,NA,NA,NA,NA,NA,NA,NA,NA,NA,NA,NA,NA,NA,NA,NA,NA,NA,NA,NA,NA,NA,NA,NA,NA
